Unable to find image 'postgres:17' locally
17: Pulling from library/postgres
f626fba1463b: Already exists
ed1e7a08a72a: Pulling fs layer
bc313bdb976e: Pulling fs layer
d5a9d5cfca1e: Pulling fs layer
4a0cd973137c: Pulling fs layer
077025a464c2: Pulling fs layer
16e5e5a77e69: Pulling fs layer
70c4af43a34c: Pulling fs layer
e14fa9b24ce6: Pulling fs layer
51be8cb65d8b: Pulling fs layer
72b7da8dbb3b: Pulling fs layer
52e44bc2afe1: Pulling fs layer
8f0a4b7a7e32: Pulling fs layer
497cdc192a12: Pulling fs layer
4a0cd973137c: Waiting
077025a464c2: Waiting
16e5e5a77e69: Waiting
70c4af43a34c: Waiting
52e44bc2afe1: Waiting
8f0a4b7a7e32: Waiting
e14fa9b24ce6: Waiting
72b7da8dbb3b: Waiting
51be8cb65d8b: Waiting
ed1e7a08a72a: Download complete
ed1e7a08a72a: Pull complete
d5a9d5cfca1e: Verifying Checksum
d5a9d5cfca1e: Download complete
bc313bdb976e: Verifying Checksum
bc313bdb976e: Download complete
bc313bdb976e: Pull complete
d5a9d5cfca1e: Pull complete
4a0cd973137c: Verifying Checksum
4a0cd973137c: Download complete
16e5e5a77e69: Verifying Checksum
16e5e5a77e69: Download complete
077025a464c2: Download complete
4a0cd973137c: Pull complete
077025a464c2: Pull complete
16e5e5a77e69: Pull complete
70c4af43a34c: Verifying Checksum
70c4af43a34c: Download complete
70c4af43a34c: Pull complete
51be8cb65d8b: Verifying Checksum
51be8cb65d8b: Download complete
72b7da8dbb3b: Verifying Checksum
72b7da8dbb3b: Download complete
52e44bc2afe1: Verifying Checksum
52e44bc2afe1: Download complete
8f0a4b7a7e32: Verifying Checksum
497cdc192a12: Verifying Checksum
497cdc192a12: Download complete
e14fa9b24ce6: Verifying Checksum
e14fa9b24ce6: Download complete
e14fa9b24ce6: Pull complete
51be8cb65d8b: Pull complete
72b7da8dbb3b: Pull complete
52e44bc2afe1: Pull complete
8f0a4b7a7e32: Pull complete
497cdc192a12: Pull complete
Digest: sha256:dca7512acaa113409df7e40d977d801e53c0c8088e45d4311a45b4065ccfdcd3
Status: Downloaded newer image for postgres:17
--
-- PostgreSQL database dump
--

\restrict arOA5zCkcYahUbMWJ9XjFxdMYD8YMujPezgPXOqzcWu8uxeteftWno7xryrTdEk

-- Dumped from database version 17.7 (Debian 17.7-3.pgdg13+1)
-- Dumped by pg_dump version 17.7 (Debian 17.7-3.pgdg13+1)

SET statement_timeout = 0;
SET lock_timeout = 0;
SET idle_in_transaction_session_timeout = 0;
SET transaction_timeout = 0;
SET client_encoding = 'UTF8';
SET standard_conforming_strings = on;
SELECT pg_catalog.set_config('search_path', '', false);
SET check_function_bodies = false;
SET xmloption = content;
SET client_min_messages = warning;
SET row_security = off;

SET default_tablespace = '';

SET default_table_access_method = heap;

--
-- Name: refresh_tokens; Type: TABLE; Schema: public; Owner: postgres
--

CREATE TABLE public.refresh_tokens (
    id integer NOT NULL,
    user_id integer NOT NULL,
    token character varying(500) NOT NULL,
    expires_at timestamp without time zone NOT NULL,
    created_at timestamp without time zone DEFAULT CURRENT_TIMESTAMP,
    revoked boolean DEFAULT false
);


ALTER TABLE public.refresh_tokens OWNER TO postgres;

--
-- Name: refresh_tokens_id_seq; Type: SEQUENCE; Schema: public; Owner: postgres
--

CREATE SEQUENCE public.refresh_tokens_id_seq
    AS integer
    START WITH 1
    INCREMENT BY 1
    NO MINVALUE
    NO MAXVALUE
    CACHE 1;


ALTER SEQUENCE public.refresh_tokens_id_seq OWNER TO postgres;

--
-- Name: refresh_tokens_id_seq; Type: SEQUENCE OWNED BY; Schema: public; Owner: postgres
--

ALTER SEQUENCE public.refresh_tokens_id_seq OWNED BY public.refresh_tokens.id;


--
-- Name: services; Type: TABLE; Schema: public; Owner: postgres
--

CREATE TABLE public.services (
    id integer NOT NULL,
    user_id integer,
    service_name character varying(255) NOT NULL,
    client character varying(255),
    "time" character varying(50),
    earnings numeric(10,2) NOT NULL,
    created_at timestamp without time zone DEFAULT CURRENT_TIMESTAMP,
    date date DEFAULT CURRENT_DATE,
    comment text
);


ALTER TABLE public.services OWNER TO postgres;

--
-- Name: services_id_seq; Type: SEQUENCE; Schema: public; Owner: postgres
--

CREATE SEQUENCE public.services_id_seq
    AS integer
    START WITH 1
    INCREMENT BY 1
    NO MINVALUE
    NO MAXVALUE
    CACHE 1;


ALTER SEQUENCE public.services_id_seq OWNER TO postgres;

--
-- Name: services_id_seq; Type: SEQUENCE OWNED BY; Schema: public; Owner: postgres
--

ALTER SEQUENCE public.services_id_seq OWNED BY public.services.id;


--
-- Name: settings_history; Type: TABLE; Schema: public; Owner: postgres
--

CREATE TABLE public.settings_history (
    id integer NOT NULL,
    employee_percentage numeric NOT NULL,
    start_date date NOT NULL,
    end_date date,
    created_at timestamp without time zone DEFAULT now()
);


ALTER TABLE public.settings_history OWNER TO postgres;

--
-- Name: settings_history_id_seq; Type: SEQUENCE; Schema: public; Owner: postgres
--

CREATE SEQUENCE public.settings_history_id_seq
    AS integer
    START WITH 1
    INCREMENT BY 1
    NO MINVALUE
    NO MAXVALUE
    CACHE 1;


ALTER SEQUENCE public.settings_history_id_seq OWNER TO postgres;

--
-- Name: settings_history_id_seq; Type: SEQUENCE OWNED BY; Schema: public; Owner: postgres
--

ALTER SEQUENCE public.settings_history_id_seq OWNED BY public.settings_history.id;


--
-- Name: users; Type: TABLE; Schema: public; Owner: postgres
--

CREATE TABLE public.users (
    id integer NOT NULL,
    username character varying(50) NOT NULL,
    password_hash character varying(255) NOT NULL,
    role character varying(20) NOT NULL,
    data_column character varying(50),
    created_at timestamp without time zone DEFAULT CURRENT_TIMESTAMP,
    CONSTRAINT users_role_check CHECK (((role)::text = ANY ((ARRAY['admin'::character varying, 'employee'::character varying])::text[])))
);


ALTER TABLE public.users OWNER TO postgres;

--
-- Name: users_id_seq; Type: SEQUENCE; Schema: public; Owner: postgres
--

CREATE SEQUENCE public.users_id_seq
    AS integer
    START WITH 1
    INCREMENT BY 1
    NO MINVALUE
    NO MAXVALUE
    CACHE 1;


ALTER SEQUENCE public.users_id_seq OWNER TO postgres;

--
-- Name: users_id_seq; Type: SEQUENCE OWNED BY; Schema: public; Owner: postgres
--

ALTER SEQUENCE public.users_id_seq OWNED BY public.users.id;


--
-- Name: refresh_tokens id; Type: DEFAULT; Schema: public; Owner: postgres
--

ALTER TABLE ONLY public.refresh_tokens ALTER COLUMN id SET DEFAULT nextval('public.refresh_tokens_id_seq'::regclass);


--
-- Name: services id; Type: DEFAULT; Schema: public; Owner: postgres
--

ALTER TABLE ONLY public.services ALTER COLUMN id SET DEFAULT nextval('public.services_id_seq'::regclass);


--
-- Name: settings_history id; Type: DEFAULT; Schema: public; Owner: postgres
--

ALTER TABLE ONLY public.settings_history ALTER COLUMN id SET DEFAULT nextval('public.settings_history_id_seq'::regclass);


--
-- Name: users id; Type: DEFAULT; Schema: public; Owner: postgres
--

ALTER TABLE ONLY public.users ALTER COLUMN id SET DEFAULT nextval('public.users_id_seq'::regclass);


--
-- Data for Name: refresh_tokens; Type: TABLE DATA; Schema: public; Owner: postgres
--

COPY public.refresh_tokens (id, user_id, token, expires_at, created_at, revoked) FROM stdin;
1	1	a52c9da7d3f74d56099f4e5b3152b5bf4da84b27e505f4c8108638fa6bc28d1bf850320965ec2a6b627ae5aa5f8c45afebf4d0abef3dfb012ed34d0042d675f5	2026-01-01 14:42:36.287	2025-12-02 14:42:36.28848	t
3	1	7539adc18c4eaa3dd796c57c10aeb79d8961db930e93610c4d844cd09830c42df65843067b80a4a817bf441c969201237f79ff8d3d21279ef98863cad807ff31	2026-01-01 18:51:08.183	2025-12-02 18:51:08.183967	f
2	1	c876ae797bcc7294a7ab5d20d7e13e1c3db11f364ff15df03a077fdd975f8b86145734110d44472ed55e3e8807451a04535e8f0c4081b637f3ad112bd3c4e8ae	2026-01-01 18:46:54.166	2025-12-02 18:46:54.1671	t
4	1	38605321f79db4f3f343151591031db81d1fbc249ddfec2da5397ec924d5f02158230b6383f9952ea5b65e5057c9b51767438c403b5f7d1615a56ca772e46024	2026-01-01 19:02:25.113	2025-12-02 19:02:25.114282	t
5	1	cf7b9d45e24a4877aaea2bfb3730299df0764cbc656992b6436d82b03a6da54697e0b3fc6a6b969457c4f22b9ebd2d8ea864df1a95ec32a83ddc371ce41b56d7	2026-01-01 19:05:58.395	2025-12-02 19:05:58.396345	t
8	4	d0f66e1a9fd834c552ca1dfff9bb405bea1403deed5dbaf53a85a794df622f1c2da56db40d7ba9fc09f8bcb46431ecbd2b01ef5e1de05dd1f37d22e22ab37b9e	2026-01-01 19:19:11.809	2025-12-02 19:19:11.810924	t
9	1	5698d91f57db891f713421788938df4e36f33d6bd684fc5a26f402b05d49a5125a8df75bb0038ea1a292e33f55efd43c676dbd71d95d53eda618cf64e720e1e5	2026-01-01 19:19:23.102	2025-12-02 19:19:23.10334	t
7	1	3ba22dac238780dbe81f9aa513c8abc84925c1dfe2bf6289a7f9495e1ce8a5fd1b6192780e2b4230dd0373adebef14d85e072756a52ec2e68893299513be8b96	2026-01-01 19:10:02.598	2025-12-02 19:10:02.598946	t
10	1	dd03da20740cf4bf08841b0953413ea63fc4946cd21727c874a851f29399e397136a7b9c31fd7147397c1cfab4c58f240f6bb02f816c91edec454686991017e9	2026-01-01 19:25:28.1	2025-12-02 19:25:28.102104	f
6	2	1ca67f2f561eb93a1164a23bb08ce80d461f8c85f271b67e961e4138de9515a86595f58e07e305013aec597dd2eb9a5f6a1a4e3de9194ace88cfbe1f3f7b7970	2026-01-01 19:09:03.889	2025-12-02 19:09:03.892519	t
11	1	c22cab28d7535a8ef3ea22d5440cde926028bce7808b3729b9af4a0e5d4f1d3582f9995c210ad5efcf3e2f79fdccee840adaaeb6160dd28cf5ce9a09b075a72c	2026-01-01 19:26:31.858	2025-12-02 19:26:31.859246	t
14	4	e241666a6fc101bc8d32dfa827da34cb1703ea4bf71d85a55f543386ba16daaf14b52cf2e9cf84a5641fc9c9f53b55eca59fa9fa688e0961392d0c269c8004cb	2026-01-01 19:33:30.693	2025-12-02 19:33:30.694481	t
15	4	48a6977f854c127e18a7bb49156597f4cd13e4f00b3b342caca6dd43adda8d57986bc2abbac307a9a1cb71c97d44cf961591f425ad25b7d2b3a4110d1c8de376	2026-01-01 21:19:50.695	2025-12-02 21:19:50.695681	f
16	1	2a0b8e9a5896bc3b6cae330d91a5b8ae973281a592f66eb34e41ba968787248d1517f24025c8ada669e9104573c4375f5357832f6ddc5f2d65b78cfce7ea6440	2026-01-01 21:20:01.858	2025-12-02 21:20:01.859028	t
18	1	d8565b7caa0f59764f76d0bb0c285ef5cd98ea14cc42216fd354d6addf88ee1d513e05550d3badbc58f178c56153002152ae3a12a147f472c6c03c208db92e11	2026-01-02 01:52:57.402	2025-12-03 01:52:57.403196	t
13	2	2c5b9bd0bb43f3adc261ef892f50009013904f585a2870ccf30cf2521f328f7d4fed970d9b43eb0073bd7951d6811e49775d3a9e996b7f6dd0bdbac7c4302660	2026-01-01 19:32:05.275	2025-12-02 19:32:05.278437	t
19	2	94d72a1195fa33f6c543a6bc6da1d0a775f55965e3f99f7f41c2059e39206e091f1f412a828ac096353efaeb58c0ddd016f239e277605d04681ce4cecdaff18e	2026-01-02 14:57:31.734	2025-12-03 14:57:31.735142	t
20	1	4be15f4fd0a9331c1430226394277b3be9179360bb134c2fc59ad1c4453b219bfa541669f6614f576b09db572be35af178985f936d5c49f88425beec2effef05	2026-01-02 14:57:49.182	2025-12-03 14:57:49.183328	t
12	3	7cc62b06b0bea41cbec773c71ad1d4002b236e3922608b8e29e6cc319a91b1fbd20c4a3f7df42327950f80459b44fb3c6135c8286d4160208ed5ca77c969927e	2026-01-01 19:28:00.291	2025-12-02 19:28:00.292704	t
23	3	4440e3e886c253e693433f5306947592ee6e36a5b02b9507662bc043263568a434165d384e2c0aed6f295c4cabf7a81b2c261b6f4bc47d823f3e687b0c876cd0	2026-01-02 15:30:21.472	2025-12-03 15:30:21.473358	t
24	3	8d96b2890afd6aa47c7521c4564813865d12ee7a0ba22efc716f24f1dc011fb08a3cda3816318b2f7f8ae57868a535e6bcf862b7cdaf735842f536755d7f5b14	2026-01-02 15:30:35.306	2025-12-03 15:30:35.307049	t
25	3	80481dfd156c654dfed2c597b85787ee1518dccb70c073c05a3687d056e6fc5f78b117a4aed22b1e2a8a5f05e1a2e79134ad56eed57593fc3451b2c497bf300b	2026-01-02 15:45:48.619	2025-12-03 15:45:48.62312	t
26	3	a9fd5b136ab4e86459ec301398d1a6e90d50dae053ae2dff2585738668b5cdf536d2aa87efc0f1ef00632c39a3246328d1eb91096b73d9bfb3c5901febf260f1	2026-01-02 15:46:01.266	2025-12-03 15:46:01.270284	t
22	1	a611ed46f8269e3ceea54231872c0eeb9fa59cecbdd0bb9ef3f6b9e0e8db9a40a49b24456be78ecb8954048c5b8153a22744bf855d575418839489ee276bb0f4	2026-01-02 15:30:05.775	2025-12-03 15:30:05.775033	t
28	3	3ceff87ed3cbc68057f42f7d07f261d295c78a0e0ca101a064d29b56f952f93efb493f00c4f4b6ff74f1975fb31ad47017818bcd8bea8eb1b0178914dc6a747a	2026-01-02 16:21:30.374	2025-12-03 16:21:30.376002	t
21	1	2cdaef5529c22da07517b7d0e9bda99724d45ebcb3542bf563578ebb613a643d2745b2eb673435c658d39654e4f2eeb1ed623294c1bd02d1d628e522b647102f	2026-01-02 15:15:11.632	2025-12-03 15:15:11.63416	t
31	1	fccf55ca8e5c5c49546751c9e546d6eb1a840bad8c98d5dfa7af1ca54b4419696e40320b5565ca0c27038290ee8013585376276e6a52966216a8b9bfb41e186f	2026-01-02 16:46:23.741	2025-12-03 16:46:23.745789	t
30	3	d006ee9c0706bb84b19f5cd4c42244ee32bde16e758f3e17948a6fb4a45d0dc07e3edd8409019747d3c2b561df33c43bc7a21a9db2b72189e91db52ad8718ec6	2026-01-02 16:46:01.532	2025-12-03 16:46:01.537166	t
33	3	f543502d33819465fdf8016741f396feeeafdac0f0aec89f7d6067acbb07ce5a8e2c29684bd81b59aaa7258d72ae233a8cba467b95c9f7b519645bda7f777103	2026-01-02 17:02:52.765	2025-12-03 17:02:52.76985	t
34	3	4bef184f1af14a2617f86a44e1d8eeaf3cc91ecd356ff95e0e3b0ccdfbdf5c00f77cc88185c5ffcb0dc72c89e0570f9d0cfd168dba5ec5c727036f602a1f105e	2026-01-02 17:02:53.081	2025-12-03 17:02:53.085556	f
17	4	464832bcecc99d76058dd9d66693a35924ec506d21dce806bc1bfc08939d4d4bc7a121723c7bd812769fd2b40befe2e6f7d0ec2c735b740a6d532e5f48750a72	2026-01-01 21:20:23.93	2025-12-02 21:20:23.930844	t
35	4	23055f8fb8211dfc737b9209afafe427df715e1aa79ea288a51c336f0108ed7ea4f43eb1810784bd8cdf54f66faada7a6d7d0b908b1dccb1388cda3460da0c00	2026-01-03 13:23:59.56	2025-12-04 13:23:59.563542	t
36	4	e837c5291dc0128a13a78d0ac5d8826592cb43545faf01894994d33b82573797a0c0643444b3ba95c3ac1eb5a5eaa0a7aede3348dcd40891e05e580b9d223cc0	2026-01-03 13:26:22.831	2025-12-04 13:26:22.835052	t
37	4	203ac9815b02db68ecd2165270df1e5da88d09033c8bb3c18f3eb74985a1535d82f6f3a75a085e7bf810740f0362de65bdff2ba0fb8cad5fa63dde6dd5042b27	2026-01-03 13:26:29.481	2025-12-04 13:26:29.484174	t
38	4	95c72656140953e5c36f40e7ad306b9ac6ac158a04e9bbc52a80e3dc31266895a2ee57f86b3fc4730501a1185bed071a8f46d16b3757681e2f02ced2c559ec2f	2026-01-03 13:26:37.108	2025-12-04 13:26:37.111694	f
39	1	011acf932042f67062c42eb2567bce840e75de4da5014a7d113f1a41841860b6e599ad44ef7d5415539a566eca88a0858ae6d667097fc9c92d0f9864b8faa295	2026-01-03 13:55:20.824	2025-12-04 13:55:20.828274	t
40	1	b1268a528ac5ac760224a7bc6abb9d218d076eeef337ca2ee285bd015208fa0680d438a55ded64dbd0cfee064153e87e106551f4eb1544c12385e6038d90c8bb	2026-01-03 14:13:16.878	2025-12-04 14:13:16.882269	t
32	1	32b264464dfb40b45ce77c175a1c91f2a8bc070afc1f5ed495ffd0828dca4e3af55b3db38830428b83d0a2658533ebfb0f197ab37cd6f79ac06faf3de5afe089	2026-01-02 17:02:42.391	2025-12-03 17:02:42.395775	t
29	1	7b24f5886d73f20dcba27d77b6756fff4eeec109b7ad44eb7c15f4aaf794461efaa8de9521efad78f2f8eef6676248af97c06d053a18cdd4274fd2421e7de4db	2026-01-02 16:21:30.858	2025-12-03 16:21:30.860128	t
41	1	ef7f0aee2ef0932a183fa75acb21f4af9e74d8d1867f4b89a82f29a9dd1e37d8b7d3868c38ab846a74cba36d583db7b48131d14c162f7b015b0631054a1c6c8c	2026-01-03 14:28:34.42	2025-12-04 14:28:34.42452	t
42	2	b09315011b5970ad16b88aa9c25d7ad28628f5e96aec1b10665d84d52ac31ea95f6488c1a6b113421956f588191999baca7087889984a7eb1ca98cf56303cad4	2026-01-03 14:43:50.673	2025-12-04 14:43:50.678137	t
43	1	86892e815fb518711440c713264756be05e80ee46b96fb91523f39ecbc6ba5e4867ab7b15889fefd3977532a1216203e3b10a2bbde1ba7b6ce6c0ad26690854a	2026-01-03 14:48:13.284	2025-12-04 14:48:13.289192	t
45	1	78d073f50c14a09a868d1ef45fca6d301c2fc5d5bf73646200cb250904a10247609ee29a7b4635a019dc270ebdd83e3378c60fb247176a6095762897b36cc173	2026-01-03 15:55:10.928	2025-12-04 15:55:10.930975	t
44	2	92cea1f412240916f4930064396a60d6be219653fdfb8525d59e946f319f1e6479dc0e118dd579113cb40d3fe241f08c027f4da024f37b5795c984471a1c5911	2026-01-03 15:41:15.504	2025-12-04 15:41:15.506207	t
46	1	b6463fce4e04cd0539353ea20e9aa026a27b0a00ca341cd240e31835ba8b793708f293cd96562f69a8660648e4c5e6aa904886994fa61553b94808166dd6b54e	2026-01-03 16:18:06.122	2025-12-04 16:18:06.125223	t
48	1	22c54382d59e67651b8c9bf1988932aa15dea9a67472ec7909b989282a29e4f3bbabf12b6f7327390743d69f4a17bd037f5fbe961368edd5cd25e1cdb57de0a9	2026-01-03 16:37:07.356	2025-12-04 16:37:07.360812	t
49	1	92f0452e8c7f34694c6851a3b4f20cf5d1c4fbc70aa504b8fe4b2939f56866e391bf76347ca1c589f1306699cf94f751216e79252706a30c45ac412d123d4a23	2026-01-03 16:53:25.684	2025-12-04 16:53:25.689086	t
51	1	befbfc0f467e4258e846c7b5e162b02b8d3b1feb5a7063816e813ed222dd90653c54052f3cfeea7843a56705f89c4f572a08646486707de1d196a51205f0e410	2026-01-03 17:12:18.469	2025-12-04 17:12:18.475104	f
52	1	c36ecd73c991df6ebb68226036bb35182376fe6a4ce47a0367179cc5600bcc3de76c03664d593b5a6e8a07e023efa7ed3a0b8ed5c50fe5a1bbaa3bb63de7a920	2026-01-03 17:14:37.735	2025-12-04 17:14:37.739956	t
47	2	6f9f39ac7e11cf1ea9ea6111330ef940430ffd3e155b95a0e17417a88450af21003433c3a225a303c12952d3d4dc315fd88ce9d8c39b79ce2c8a32b11e3bf280	2026-01-03 16:29:49.373	2025-12-04 16:29:49.377789	t
53	1	e7c55a240e7fc355752d08f8050227091650d5b84478116094f195ffc253f3bf3015320f4b66f540e3b265248e4cfb8d52dea4b87bcbc93b072cc71fd274f87f	2026-01-03 17:31:06.098	2025-12-04 17:31:06.102792	t
50	1	8360c3a6c3faab82592f5c4a89c7b1286d0a3084d911e2d62eac81caec2fd77440946935f04a69847e68e7f44695e336dd3daa7b23991114e594f1cca77b3040	2026-01-03 17:04:00.705	2025-12-04 17:04:00.715568	t
54	2	a9f252bcee297bf4946827802b181d19c2dc28e0257e793812a163300c78e8b1e91658402973a49a331aa181d3926ff8f32602c09b5a65b4a56f563ee4df3a51	2026-01-03 17:37:09.686	2025-12-04 17:37:09.69156	t
56	1	892be79dabaa8b89e1e64355184fa53a2081b31fd9ddde6d500b6a3587df20c6eef46d8672de10a331e91c35c091c516075365dcfed69f3106aa3f3d2af09f38	2026-01-03 17:54:53.539	2025-12-04 17:54:53.544888	t
55	1	7a884ca9ae15ae65b2a544855e2ea0162a071cec30c1c42c9732bfd91d94a9910994d9c9ad39448ab2d8e2e3a930e183fbd75f1386dc96bc6768a78dd00a5aca	2026-01-03 17:54:19.408	2025-12-04 17:54:19.413906	t
60	1	067e6fe7fc61710d47f0e431368862eb52edd1d315d25eefa8989f7cbb40bf8fae11af1d6c057c42cf66aefc7978f7d3daf5dbbfe1cc7e875eef95767e03981a	2026-01-03 18:34:02.233	2025-12-04 18:34:02.249407	f
58	1	d78728a4ac6be1b30a957bef4736176c4818ceae2d56ab9f3b3ec72769f6d4c53c6738f83c41a067dc26c4d040b8a0bccdaab8824094abf6c87d5486b9900b00	2026-01-03 18:12:19.25	2025-12-04 18:12:19.254093	t
61	1	72dc0f9e4aa24adaf9fbf094bba14fb87dfbd0d2d0c62d4cac1475946044112e01cf3c5cfe6f6ecc738d0e2d2895fe46b3ec47d05e626d4a1199e387e17426f0	2026-01-03 18:34:45.367	2025-12-04 18:34:45.371955	t
57	2	81a9fee5734790e7da44402cef070c6c5ddf8b64b484d3373e46996ca7f986f3f9904b49621c15c3c01a794f18db5938feda8c02420bfddb2edc4906a3bed0fd	2026-01-03 17:57:12.366	2025-12-04 17:57:12.372146	t
63	1	deb1df8723f9d768ed5c26c008300bc6d7f10bba922e5beb9b2f04b12e63aee0eb6d783f057640b28244c286b4cec7e2ae7a8c86aaa493e20f5e489428f3420b	2026-01-03 18:50:18.518	2025-12-04 18:50:18.520764	t
65	1	889a21d32bf003b68bc6793cf62c2c32117311185fc5503a0c0c6eb48040f061578ba0cfb39982c92e906809c5291aef35d0adffc7a53d62ec0148ec25d823ed	2026-01-03 19:01:46.753	2025-12-04 19:01:46.755094	f
64	2	3dae0a34d9b633992f7feae392eb43e6d4ac5bc66456b3414b44ec35e25029918a8faf613d907773e58084c57d8194ff10c5e49e893cb8fc95020325e991ab16	2026-01-03 18:51:21.417	2025-12-04 18:51:21.421669	t
66	1	3ebfb86d3afd8504b87f2f359cb903faef6e38e07e7c09f22a3d6e50d36188ff7653cd96b94af53e8dbdb86a13bf583e741183c69914a126dc1b0954bcecba3f	2026-01-03 19:01:52.831	2025-12-04 19:01:52.833439	t
67	2	9bd559bd3ae5de0a1334b86c49bb37b2fa3187396d6b44e16ddf3f7272ba1801333d5da00ddfe3e982717b4b81174ff488ab763b432d89528b128c4323e2720e	2026-01-03 19:44:39.087	2025-12-04 19:44:39.090847	t
68	1	0b62d7c2254dd87229dcbcf1967f04f8839aca6b6556f529434cad56550ead24d7950136e5c2d9eef9dc47e241e63b7ca7ad228cd7b7e0527546547753158303	2026-01-03 19:46:56.702	2025-12-04 19:46:56.705189	t
70	1	a91009c036e09e8169b0c19d8e671ec1fa282bc1632d9b0b94c3f5b0dfcefb61b15b51465e46cb8e31e7a9b16d9f11cad5d6103ebcade0b97b3f92dff5d0f4d0	2026-01-03 20:48:33.884	2025-12-04 20:48:33.886268	f
59	5	70aa2834ef687b089033c61f41ce23a79647db390becd245d0cea54e2edeed5d1174fb4095492e59cec83f92bc45fb2ad627742339c3712a09d0f2d091945c66	2026-01-03 18:33:52.003	2025-12-04 18:33:52.007146	t
71	1	0000ea40af12d39502eac02054926f8a5d840c4399fa02d4a249fdd21e3d403cd744486ee56e93686dd2d752019e625cca8b30b64473f12ce86f55cd8b4511cd	2026-01-03 20:48:53.268	2025-12-04 20:48:53.278	t
75	1	b6dad3a18c6f9bdcd740d930002589818d02269f008b391cfd7cce422da985210b04923cef4b5dbdc45a083d7ed9f677fb59b4461c91ac7cdd4e8a76267707d8	2026-01-03 22:49:01.634	2025-12-04 22:49:01.636853	t
27	3	946f4dfa2efef508ae4601c5e7f842850fff7f0fbfef101024af830e4f19f9051abbb2c43414d033e6bc6eb610bb7b86d9a4cbed94f11ef20b0b867c8b681ee0	2026-01-02 16:21:20.143	2025-12-03 16:21:20.145102	t
77	3	83cf8e7d5d09f24b3724bd234a259851d91440e84d323313a7f16a27992b090cceb4c0f2030513b230dfa4eb622125a5014d30700239b4f4f8b213dd13c3f54e	2026-01-04 12:47:06.379	2025-12-05 12:47:06.383901	t
62	1	ceec46c3af2c6b6bf8fb4c468408b0139cc3f9b2f5f9a3126f3cce9aa74d601256127323eb65299255f0a05b935fb523ac733a46454adddb8109a0e264f3a315	2026-01-03 18:49:00.562	2025-12-04 18:49:00.56486	t
78	1	cd76472cf1688c464a32b00aea4b0ad0cbe9579f4101868bf4ad4f533cda637f6bb1a8d712c4074932c0e691bfa211b5579fb9e26fd2ff93c6df1f94f4c4ab0c	2026-01-04 12:47:29.143	2025-12-05 12:47:29.147033	t
79	1	9d8f9d5ee1fac12a678c1339e3d7e7f4eba614b48e37745a940e1a443eb04f36034ed05f2993a2bb5194d83dfae7dc6434528a0988b5fd4fabcae1ae1f04a4c9	2026-01-04 12:47:38.557	2025-12-05 12:47:38.561653	f
72	1	8c67538932466f03dde23ef77b0c2eca496225f045dd7452724b8f78ac1782528b6712a0136467dd5c00a1bee6adc5f3049506da9c6ed57470e0dc07cab20530	2026-01-03 21:23:19.883	2025-12-04 21:23:19.887815	t
73	4	a1cacbdea4e5f3f900ef3378e94471bdaadd38927a6d8a7251494193831a4294f81bb47bda434c5d8d6432325af0b390d91dcc44b34594c54781d5b6b6e90c7a	2026-01-03 21:26:58.171	2025-12-04 21:26:58.174848	t
69	2	ad188d3ffbb11130c1cbf694557bc5b8578e15691c4ab04e5d11c3bcafa3953f92bfaa1a5f7f455271fb07f96d2150ac865bcffc7b943d1ef63f167c9081b903	2026-01-03 20:01:03.997	2025-12-04 20:01:04.00011	t
74	4	ce203d7037a8f610b129322f0290e429fc576a6659027ce2d00a6541947062176a8bcd25b4c0a17fb43b37a17eb66e92833d0520f67539f9dcab49ea4b00f2cc	2026-01-03 21:37:41.82	2025-12-04 21:37:41.825107	t
76	1	2d8eed487025e0199ae5b78a1e092f052f91c4231f61bc32c035cccc718152e17876ecde05ec84f17d2a9dfc0bbcc15c3f04403561c22e6da0f0d6481a30f913	2026-01-04 11:56:27.995	2025-12-05 11:56:28.000988	t
81	1	66aab542788317f165a260c92026c718279cfa190be57d5f7e161373bca4d599b0631ce0ba5b89b7cd943239d4ffb0e30b6442561bd022cf971a4a3a9e4a4612	2026-01-04 13:42:27.614	2025-12-05 13:42:27.616358	f
80	1	e4904ff1b19bfc480085cf25ec7d16b053734796517d0d65c431ac94efe3af2934dbbd00487e97cd6008ca27e796f21e3c19cacef2e5795f880d4a3fbc90c39e	2026-01-04 12:49:16.328	2025-12-05 12:49:16.332659	t
82	1	d8adff20a8e71d9486180ff3c1870b02dab2872a6bbccca238074161ad375354a7bda18dfb026caf8a133c1ca05d13533fe7353e70ae66b7e945326a9362e53e	2026-01-04 13:45:00.759	2025-12-05 13:45:00.761847	t
84	4	f1bb7f64e8f8736c00fa8c7e19548ceb90ad443c436df58183c546ad875d00333c7dd41400226e9e0724ea8c7a96d020fb2e7e48b80f061c28f9322633317a22	2026-01-04 14:17:16.346	2025-12-05 14:17:16.351053	t
85	2	46a0175d434b8cee7f98ddbf4f94aeaf3b1db69939d1581dcc216ad899c5f5b44ee5024c993f253681f4f74e547b37421495ccca03d610f71d777f1c955b5bf7	2026-01-04 14:44:05.134	2025-12-05 14:44:05.136118	t
86	1	1b89a2c87b685d3e20ab7dcaa6a769a36694ea1ca868010cb142d18250e99d3a07ac83ebb996a1e4822f0c94ac226f981589ded32d2e1938d86d3f270c0fc6d3	2026-01-04 15:01:55.809	2025-12-05 15:01:55.809941	t
88	2	6e144fed158ec017c17c4a6aefcb2f736b3d5b03e9c651d5a41c55a5698c552fd62a9ef38d61090e3962c923949a66ef8ad4351628e829c2a9b44ef9a92821e9	2026-01-04 15:48:51.749	2025-12-05 15:48:51.753911	t
90	1	a6f9b5e8ddeccdf98c5c617f07d9514e46bdc46e9d1169484fcf309f47361bda9137d64ddcb0136452b8fe9a15c5db9e2ca6c878cc882ba9d3849a7be4044cbe	2026-01-04 16:08:57.64	2025-12-05 16:08:57.644318	t
87	4	d4cf525dc9b2e0c6caf5b551752205d440fa9b62f3fc541be2162de47b951fd26b9ad1c6c985978e100b0d3f92b5a29e3f5d522e8bd2727ffb47dda97f21b4df	2026-01-04 15:16:04.242	2025-12-05 15:16:04.245394	t
83	1	282f013bdef8353ec2169d5245751aecbf88d042c95e57245f0ffe9efaf0dca3abbcadef87f14ccb36fc00ca0c97687ebd12a438fae8cf54fc7b05fc7c26145f	2026-01-04 13:58:28.901	2025-12-05 13:58:28.904857	t
94	1	1e28ca639550d4f439e86dfb989b69c114cd3482803438d3a84e54dda42baf5485bdca4cf7a17c8b922df4c1b07d982e31bf78308e2e914de7326e9b1e093988	2026-01-04 17:21:15.226	2025-12-05 17:21:15.231805	t
92	1	6dec92fdf8345ad95b2b4773bac8ddccce1a17c12a4d76cb0bf6cd05596e1cae903d742e98b5b40b0d70e2bf25e06f918b3d69f9e99473a0b6beb973c44a4476	2026-01-04 16:34:20.804	2025-12-05 16:34:20.80635	t
96	1	83cc786b9caea5730c46f1a3ac0c8498173e5adc8a2e70b91b96d4ea2c15321ddd7375e72e9bff1c8d4fca5af05ebf7183e455c5d12c1700403f45e70881992c	2026-01-04 17:49:19.114	2025-12-05 17:49:19.119403	f
89	5	8ad2c5968aacbc8109fce52c25e6503591d272ae9f2dbec6860cb1b83d8462dbd6eb921edebc6fdbfb3820561e9968ef40fdda02e172b89f7e9fad86dff4cec1	2026-01-04 16:06:41.723	2025-12-05 16:06:41.727174	t
97	1	015b242a9bd368846cec5f5880869250e9a0a6cacebf7389dadf5ca801700500eb565a2ecef42017ace041516b3201f0096f00d74b975460c93b202d5d04cda5	2026-01-04 17:50:48.373	2025-12-05 17:50:48.378915	t
95	1	d5333603cf7a16f8cfcf78b61849914024ba35666273e6607931f1418a2117b038360017bb23ff654ad7f38b2412862e6483827d65c4d83315ecad03fd756bf5	2026-01-04 17:44:41.028	2025-12-05 17:44:41.033235	t
93	4	fa8ce916469c4594ffeaf9cbf28235cc21dc9dfdc378b82e04cf2b1c6622a1b9c65ee955d5a402dacdb7c79d5cf60b3a064456dcd58e0a1e9c0bac2dfde8e110	2026-01-04 16:53:28.351	2025-12-05 16:53:28.354836	t
91	2	99de2e5d6472464f9694270d8b76c745b4901fb5d53aa50f4770841cd9e92bde506c361b743a028014a621d07cc06022fdb3ea5412b40ce32054a25ee89ac493	2026-01-04 16:26:48.634	2025-12-05 16:26:48.636098	t
99	1	d5d236258edf523441df1785773d1f92545938c42ce0633215cd9c3f42424588196e35ecb0eca7d1ec506080ca8dfd05e4562119d8e5d748f133a95e3dea687e	2026-01-04 18:15:43.122	2025-12-05 18:15:43.124809	t
103	1	856a8fb7e36a360591b19f9c279e337426a5971b765bdd13b2ef6a4992ac2dce87925ea209c7b5ef7fa0beee1a081eccd0b98358bd236d00b3068d04081db072	2026-01-04 18:31:31.599	2025-12-05 18:31:31.60302	f
104	1	3573e7aca8b868b65c10caf01164ed6c64b11ae185a08c10b446c23424adad9d26c3ec4d0d0a7d4391642040da8d3176f1b6218d8844e2aa6c0fee90d111f0cf	2026-01-04 18:32:54.694	2025-12-05 18:32:54.69765	t
101	4	a6f154e29ebc6d653e1d190edc5d6e0d72a2274d92151c8c4415f81c89681481cba6f3e623770a56e5a90792653763058207059d23bee5ba8bee9b4305834347	2026-01-04 18:18:44.108	2025-12-05 18:18:44.110411	t
105	1	405447a6b27ad51b6261c1dce810cd9097ef7bc52b660b5190232c21d52c9d6b65d70340c66222d536080407f6d25a4147664c5d692f4e53c5b8ef8d8b0d368c	2026-01-04 18:53:28.494	2025-12-05 18:53:28.498672	t
98	5	96b63f2c392eb596a6e22bb6ecc9b9a00877b686154f1f4b19420f0c825c8daa3951d8ca3aa0747370d445d227204d9fa4fef0a43ceb23ebb0b428ff8f7ff8f5	2026-01-04 17:51:50.843	2025-12-05 17:51:50.848357	t
108	5	804e917fda0e64be7e9eb6669ad7280dcfdf8ef628bcf8e264d99252a76ee4cc463427ce43ddf2818cb7d399f293e43e8ede2aa8a60b2351911e0a77a4f60d8c	2026-01-04 19:25:50.352	2025-12-05 19:25:50.357203	t
107	1	11b36e213470e1b3e1d1945c3e90cb18fff59bc3594c4120fff8b92779fda08a1e757870b037e4bc24fdf585a7703713514b6712cf1f97a21e3508045689fe1b	2026-01-04 19:15:12.147	2025-12-05 19:15:12.152131	t
110	1	615fbcf8e4fa091c5e05955981af1205fd61bd0cefc35682c224da42080abe815c2869168dfd730457443a0ba0dd6aed08bac7628de5f46b863352086eaaa87b	2026-01-04 20:21:35.264	2025-12-05 20:21:35.267522	f
102	2	1510630da19070c28ab13ebc84b95fce6ae64c7d444a49bd9743186db6f1b46572741f3e75de4c632d6d248162297251dc12415ace73467c457b9a12b8c99abd	2026-01-04 18:20:54.04	2025-12-05 18:20:54.041676	t
112	2	47bbc261de9be6865deac72440ccd714bbcf0141aca3a64f9ab7f3d3d1dcf7fecd543ba966abbcac979cc4e7df2ef364f81539895cb6fbde6118ea0130f89087	2026-01-04 20:35:11.537	2025-12-05 20:35:11.541752	t
113	2	dd67ad8cbf4d0009b9918bafc89bdb4a763ba31ba9e1831c5c5522e41ac71cdc1aff1e82e8b58e72e7a001417470a45ee067df415a5f9c6a30efb44dd657daa3	2026-01-04 20:58:20.723	2025-12-05 20:58:20.72517	t
111	1	813979bdd012ab9f87abe3a0c723c0c2498cf576c1c25b82fdad55e6766591f46c1b76938cf069c8894484cbe582d4a647bbea52525b4fa77f28f82bbde7baa3	2026-01-04 20:21:53.252	2025-12-05 20:21:53.256013	t
114	1	5978c5c8036f9c541e3ec1affd2216a23d57141d95e30f522e1a4bfb9788258b30c7f5943f6fe5d9089ea6bc627fa33aa782bcd374238283d3eca6d1d1578ce7	2026-01-04 21:02:54.769	2025-12-05 21:02:54.770831	t
115	1	ee814d874c20df3451f3b26a5b4c17987741e4b3dfd291d99412a45746905d8973de3336325bd9e080ef25b87aea2c3150d0d2191dafba6fdb0258ba81d57c88	2026-01-04 21:17:03.713	2025-12-05 21:17:03.714937	t
116	1	efb9f5ce53eae6826703b0f45ce9aec780aad70b6ce060e562ec27026f42cb11df4da256762090ed10c8cf64437c46212e99dfb2e25045b1ccf59bb0761306f5	2026-01-04 21:38:52.999	2025-12-05 21:38:53.001232	f
109	5	8f507f68ff7815b72b8bf1b7e9c7d9c42932ad5cca5b950809b0128743f15fc5efd41a6318bfb6098133320fc30d5c42ac095351a02c730453d4fe03926c9e4a	2026-01-04 20:13:19.316	2025-12-05 20:13:19.318288	t
119	1	f65f116e5ef0656f9e0d2902a2e97d7ea486ee36c0b8cf984217b490eb88ac26f45c14b4c2a277d1765dade8c31680c57faf83a7f002276682106a9bb186320d	2026-01-07 14:02:41.269	2025-12-08 14:02:41.264168	t
100	1	6151f371e3842d5dd3810bd728ffee9fad00dc8179d2f546a2a683a8dfe4618ac57ff0355f4484bdf5ecdfc22c9575ba19ac6104a3ad98cdf1c9178346a6d287	2026-01-04 18:15:55.899	2025-12-05 18:15:55.901017	t
117	5	f5580fb1b05976d81699d77ee247be7e4f0e4794223c62d1896ca25b96aa7db167ffd9791720500ce3ea98cd5942f192fc310b5baaab9bc7644c2542106c539f	2026-01-04 21:41:48.521	2025-12-05 21:41:48.523391	t
118	4	55a6b0607f4f46570ce59061747c7d7d42f5603217cbc6d7b8ac04412f533f0d3a24a745113e9bbf45fff0014a1a32fb01c65cbada5f95c6f70d0c7e5ae2e3d6	2026-01-04 21:44:54.515	2025-12-05 21:44:54.517432	t
106	4	727c97cd6c823ddd946b562def0382d1e6318bd0c54eb41bb29147b9f65263048f58aeb12663bb0075beb8e54ac7de1eadb9528ed65ec8ff1459b64f82cf7ba5	2026-01-04 19:04:02.727	2025-12-05 19:04:02.731315	t
121	4	cedd358725cdd2dfce04f5e3595c2f346ecdabed70d30d5a0dd8f1e009342daef89c4c96ef987dc77dc16319d495f96d8eddb3cf949f6e8f23c3a6d80b47c54f	2026-01-07 14:30:43.469	2025-12-08 14:30:43.462903	t
123	1	a69effb31d6b642112f69ed9fbac6f4cb0751336d360cc114831d2b299f7978d64a0b69b9838c3dec5d5a3ee9cc8c53582f056929aeac0e4b41d175e08aabfb2	2026-01-07 14:47:14.112	2025-12-08 14:47:14.104334	t
124	1	c64789de3f0729178a7bebc75d8f590c293d355890f01e11784e8fed68bf6ba3e7caf8d374adb6f857fca8a0b39058f36b2a614d1c3519c0c9c13353440a4634	2026-01-07 15:25:29.202	2025-12-08 15:25:29.195597	t
126	1	fbac0be5d2037d55d5a6f4094cd3ac69bbe7b555ac7103b98a17f86955991b8e5334ac03c9d8acd051fe6ab948c1dfbc6915b72f3fd241e9cbf3d37dd203fb42	2026-01-07 15:48:07.971	2025-12-08 15:48:07.965705	t
127	1	f2fc45dea803077ef211c0bb9cd6fd701c924927401e95109a27078e9d15d72f7eba0a1fda7dacb5c2b7c612f80ec0114ab5d6c5a48382acc3d1303b16033729	2026-01-07 16:22:46.783	2025-12-08 16:22:46.777869	t
128	1	13f32cb6f609d5f76b855b2ac01a44c850f1f0f0c3c27bf9c434738af4d86254275da69ebc5154219c533ec150f8d8285edf3adce1e59a424c7ea61eb07c616f	2026-01-07 17:00:16.091	2025-12-08 17:00:16.083222	t
129	1	9986fb3c52ca2a545e5fa27df78bde08bfbcad71748414fc8b8cf698be14754fb14cc3242a0b0945cb3fa5bf0262433951fe83fd4f805af989d553591508d44f	2026-01-07 17:16:20.362	2025-12-08 17:16:20.356093	f
120	3	edfd5f543d2a6638159245573e7303b6ba666412588b7844b79eaf953fa2c611d6e27e5b57aeca6021c4d135c694cf85315d258e58d6fca958d1ca1fdf3a6963	2026-01-07 14:06:36.211	2025-12-08 14:06:36.205948	t
130	1	4a2cb608eac7f7b2cf5de1b75d1a9c1662a84606435c50ea1cfecaabc8be993d9255346700b6306250a8bcd0334f9ac219b74e5f2b01a64d18e59ee1b4e4c0a5	2026-01-07 17:18:30.217	2025-12-08 17:18:30.211397	t
131	5	7d87dc66fc71f2239c56023f88b77920cb33c756f7968b8d2e217ff86fb2e3d8a728a8ad324a4500f29cf59009885fe00a05a8f04634c5f5edd9471ce8c6b6cc	2026-01-07 17:35:56.151	2025-12-08 17:35:56.145793	t
133	1	ffcdbb53fffea1abc08d21f7a06583ef7990041d162646c5e8a53e330b3e29da46c776b3617af575e82edb6ff6e0c00f6530a69263514e2d84110cae75b73d75	2026-01-07 17:40:17.073	2025-12-08 17:40:17.066823	t
135	1	85e062d501ab766237351e91542e947cd2964c4e0bba8321b45e23facdd75f74b66e59ac867ee14c66de46bdd258fddcc7a3e89e9acfe957f0e682e6f6eccc04	2026-01-07 18:36:41.144	2025-12-08 18:36:41.140113	t
134	5	0672d32b499330f7c17d79d4100d286b87faf87e4435a7fa74eb42dcff82ab535eba584be9f99ae516f3e6f3b05768e03f4c4ed39546be7f59920f0f575a2523	2026-01-07 18:27:17.435	2025-12-08 18:27:17.430332	t
136	1	d8b3d46d3223d6085aceae0d583f4db99a44680bd703e4d1f757363f2ab3f5e3f07c555a474c0edcc97e933540028ff131d395ff184065749a3eb304ea53bd21	2026-01-07 18:53:33.889	2025-12-08 18:53:34.035709	t
138	1	d4743c1b6043354ec91b345ea2fee35df02b516becedfa8f99677c96ed6cd05833025fcd16e2df58985779aedc6c63302a917ae3d824a7bda3ed03d7ec9fef62	2026-01-07 19:31:30.826	2025-12-08 19:31:30.789552	t
137	5	b755d7fdce43f3193eccac70e06a1d31af306a20f98925a61f004bf9fdea04a91931b24c15250b147d364c240038c324429168ac6eb40fc422af06bf6f433a27	2026-01-07 19:14:39.586	2025-12-08 19:14:39.832438	t
122	4	10bbc014e0ec36256a1481f1f48f259a87f939377c9015ab7522b233a201f30b0c9b74e38e58e010e1d5e262a2b71b9e355b6bb251d71d248a8582582d4f9a37	2026-01-07 14:30:43.995	2025-12-08 14:30:43.989709	t
140	5	d398225e95f706c761436bd22f692062c1c3fee8517dc4b02575660c3786e08c1d06a8e3159faa12a16eef3a9bb1ebe3325a5b920580cc1872edcefd7df85e2d	2026-01-07 19:52:49.592	2025-12-08 19:52:49.507691	t
139	1	66bfe3d79f4358380c5b69290c796dc06ebf9aa888249da1f0efa87d3914a9bb47d2b054e2e9618406bb407412585424c30bbd1531340efe55acf16e442e5dd4	2026-01-07 19:52:11.249	2025-12-08 19:52:11.167057	t
144	2	fc10db98857baf2ca451ad8820e1ecca02eb6daade419263cfcfcf6a87d0d69ae2bd40046ff323b7bce44a35eb8e3783c82376400ee0f20884afe0dc1a96e254	2026-01-07 20:44:11.466	2025-12-08 20:44:11.405608	t
142	5	c718ff68e018f2d4496912470d989039e8ad6d0ad013b02de93ba4c05a4d9b769956bea6444c2676efb5497566aededbc7dcc79b20ed64fdc1ad0edf162b7d75	2026-01-07 20:14:12.022	2025-12-08 20:14:11.986486	t
132	3	72676d718085ddbcd0f5629038dd01bf8a4cac6820c7a5e9132e7ccdab31ced0aaead4967af5ce506b3aaeadc67048113d4f53073df304629d46b1107152df3a	2026-01-07 17:36:29.672	2025-12-08 17:36:29.666001	t
143	1	e7ad9a24ab267ddba099ba8ff21b4d3322f4901f3ef429d265423b3e5bf0fd0d9fafd8999a573688957c671a6a1a50b4f254859bd603cc19827df288aebb794e	2026-01-07 20:19:04.782	2025-12-08 20:19:04.748469	t
141	4	5c0ebc01035cdee19c7ec7a65b15db356dbf9e668341682688315a41992071679b383ce3445771ffd9ba0839cbe5a98f9374c6b1786861405ffca07c0e35ea70	2026-01-07 19:57:02.456	2025-12-08 19:57:02.411683	t
145	5	7ba12e7929c046e9c0c5485612bccdb3254ad2831296a9fd59db79c42b31a90c51178fc052e7e4b0b5d5c5290218da130852f0909d9ac4df93a15ab3e7de10f4	2026-01-07 20:45:30.578	2025-12-08 20:45:30.524516	t
147	1	e97c843155136fc33a741fa91639ee028259ac1a585dcfef770a45bf57785efbdd3607b6ed29a6848917ae756d5a911df145fa3e7f92efd330cd0f48a995a1a2	2026-01-07 20:56:03.055	2025-12-08 20:56:03.023835	t
146	3	c5084b832313b7de6b63692ec8249a5b22bfd695c3622f03ddd5533ef2c530b9af612e81db6f243c6fd36b68a52b19c5b2e7e15b3d6f78af4e784b31d7eff917	2026-01-07 20:45:59.397	2025-12-08 20:45:59.347499	t
151	3	b9957692a911d9ee179c6638b9820cc514cd7eb6a66e6e661d0bb7e8f9f032eeca984a1fb3b47f9b251128cfd11377259eae8ad58f02f7b136043c06ea30ce6d	2026-01-07 21:14:04.264	2025-12-08 21:14:04.229982	t
150	1	61a4941dcc7d4ff3af5fd3d5e6be7122cbe3325c45ce45a960539ab3785752f3533ae6f9f58da8699e215e8feffddb2a496f8ccda6831c4136675dc843e3a287	2026-01-07 21:13:09.094	2025-12-08 21:13:09.060386	t
148	4	e8d396461e2a40cb12853bb0016fa32f6a70ddf259601ef2057290e45b92c9f31dc998ac62869357a645b99abd7bcb1ad2a1c297045a5330a9e0a4007300523c	2026-01-07 21:07:02.022	2025-12-08 21:07:01.991773	t
153	4	d73c176a1004cdc73a36ac360a03da1f8fd2c875f6223df1d7376fa07371a4884da62616d55f14147315f219e851908c7da5aba298bdf4b123c610415aacbd13	2026-01-08 14:15:35.254	2025-12-09 14:15:35.249015	t
152	1	9ad6e010f501924a00ec6b9d980a7039660b4c63daf874fe8171f560348895515bb91928c4375ab427c826f073e1f5f15628ee8a893386a5c6ffa74453cf326c	2026-01-07 21:31:20.286	2025-12-08 21:31:20.269199	t
156	1	86b97443d6244b5fdc566ec562530fc362dba1a5fa7e6550c46622f17595f6f3e5051a333a556129dd7ba8da170e83ebb4f42e919cebaadd2c5f7ea5f17bdff0	2026-01-08 14:30:10.465	2025-12-09 14:30:10.459498	t
157	1	ff3d38960097a858a23b76116bcaa76e7b581d5e9950e64fc002576dded259acf8e18c2edd3b1c6bdc6874a3f22e4a7ac8c111797611098c15d9d4c8ea9e23ae	2026-01-08 15:54:22.333	2025-12-09 15:54:22.326496	t
158	1	26054ad996b77d0a7c54e792c045a8dd0dec8c8fde587dd38399c821821c76b74dcf244314d8d5113afb1e7c306c34fb230d6e6f34a819df78ae9d4693923ed0	2026-01-08 16:24:42.246	2025-12-09 16:24:42.237874	t
155	2	aabd66fb7a70d1164a4d6ba843d80cb092149d851ce6f1241bddc5b02d3c8a2569d250eec48aeb76407f3c2f72e11d8c844b52b03f29b7fa6a3cba275a07bfca	2026-01-08 14:22:06.466	2025-12-09 14:22:06.462259	t
149	5	3cf7aee9da9c2e8ed9a8fbc569588555f717f2e87cf086e41edc7cf17bebbd24bfa6c0abc99d8dec512b38c3eade72249bc0810401254a9844d32b0c2bc0dd49	2026-01-07 21:08:59.582	2025-12-08 21:08:59.55031	t
125	1	cc7d1764a754ae608ceffd8e8216352c76b6759ad4de4d1b6ead91effb04a2ff658fb4669d097638c5ad3d04dc1be11735daccdbb0a82de115e60c1b9fc290c2	2026-01-07 15:35:59.598	2025-12-08 15:35:59.592067	t
160	3	ec0025d8f9ddd2f9e878b6b3a622d3ac0926dfc5efdb3c89ac43ccac211c8a55718994f736f9261b0c3273cc5bd43b25d143e2771f62e06315a07ad8562e3ea5	2026-01-08 16:54:57.414	2025-12-09 16:54:57.40586	t
159	1	500e60cc087fb732501f876a1b48e4da399ac3376bb72913721e550a0fef704d8671be611d5df6d78827f431d66f1e9156a870bc6a280e6045c04af1da9a660b	2026-01-08 16:53:42.592	2025-12-09 16:53:42.58379	t
154	4	1a3782edaecf2d220dd563ddffda697107072228e939f7c906e832ccc9c0abccb3dd401ca03c730f080364ab7a7be9c20cdfa9a536c8a981e0f2d1ecef1b945d	2026-01-08 14:15:35.681	2025-12-09 14:15:35.676119	t
161	1	da46e22aa3f3af31fb5607bf0d4b42e57e2b24f7e21f0a7e4836501dc98e31137f0fb84c4dd3fbe31f2993208712136225056993ff395f332b181999aab20b97	2026-01-08 17:16:58.352	2025-12-09 17:16:58.34456	t
165	1	5de1a2b8ffb79e0e2c21f2576cf489c1d470073b51b46295bfec7f24e90e98db2477f478c825984992867016249a7bd315dfc974a3f5f85e19029d322618073e	2026-01-08 17:46:25.724	2025-12-09 17:46:25.718312	t
166	1	16ad78faf1f6021063103c1cf5da555f06758a53ad78df253a9d70a9c2fd01d570139c6424bf8655105a7f67baa309b4c77f0bcb8da3299462f6af83e3a22de8	2026-01-08 18:18:17.074	2025-12-09 18:18:17.068138	f
162	2	0463f28efade3ca693d45c750252daa0e780ecfb0cf96364b485d0acf9735ca855fd08e88818770a8f7df7cc0fd74da6082c6f7e36b80278680b78ef55677bfb	2026-01-08 17:34:17.089	2025-12-09 17:34:17.083116	t
168	1	bc8e731b6ef5ca72f9396e6d60f461d52c246420e09974e39f8da64a07c9d252cbae32f28b336b22525f59ce4cea023513a3ef81d8a198e1a547c5ee8b69d9c2	2026-01-08 19:49:00.13	2025-12-09 19:49:00.125109	t
169	1	0c2d8ec90bf0b134ef03877f54f25de1ea764146dc433262ba3820c1eed3cf91bb49ef13346f04cfd1713359cd0a4af11b899174f36421dc18cecd928d6aecc4	2026-01-08 20:08:03.234	2025-12-09 20:08:03.227835	t
164	5	128855373c9f5bf6d04f900330f3ba7835effdf239d642a46d5365ed55e8b83baf079a58ac23af211128860947dfd3148a54064f8d5b4220ebcd707ee197db20	2026-01-08 17:46:11.814	2025-12-09 17:46:11.808725	t
171	5	d64931473f35526bb1860292c4a1576ea319eb53bf098f9e33f3bd3105b42ada444f501e50f2ccddcfbbb22176f757f55a09fd0ea9aa72e277456e00c3fd73a2	2026-01-08 20:23:51.806	2025-12-09 20:23:51.798328	t
167	2	521171e4973647e3423d113ef1e5122beeca61beaad333f6ef79b11dc4eae904c85d00cf1e0103f9c3da23b2bcbb1f03338fa37a2b4c738e779d11a9d921f06b	2026-01-08 18:21:01.495	2025-12-09 18:21:01.489739	t
173	2	eeaeae8db43cd82f700a958b985e4c3ff0ebe066bc12f23525d4c3dd364ec48a71b2fe6e8c4b77c781c955e1e190c1cf3f365dcdc337af2d640cb1df2e289bb9	2026-01-08 21:00:25.923	2025-12-09 21:00:25.918271	t
170	1	33f3b0be41e876fb296334815080fa5a3b48f691d07961715ffdcda40e06d7f532f9ff65c32bf23a25124a0b7d7ba5ad6121cecdce73544ede7a85a4680d2fb8	2026-01-08 20:23:42.671	2025-12-09 20:23:42.663839	t
172	5	d6d81d131b469e83b344067ec0dc5513da7e50c4122ef0acd0e1c4369195b29c27601ca329e8a71551f0fe0b57b663b87c9a7b12b246431bd2c72a66cceb971d	2026-01-08 20:52:25.854	2025-12-09 20:52:25.848834	t
174	1	3fb7fd0c7835da07e9b0fd23cd57b0053c4f2df8906a21bbc91173de7292464357651b085e872ef9f9eb7a162c54581ccfb4067b5c88e6f04e90dc9c8d6a7b9a	2026-01-08 21:14:37.958	2025-12-09 21:14:37.953515	t
176	1	755ead9f38a0bd9fc8e79dfe993f19ca1e99ab646fcbef7ed05a0e3e366985a1165893c38aa56cc3bf745d9f665310af7a8062bb94d7dec3994926fd7bc169c1	2026-01-08 21:41:20.955	2025-12-09 21:41:20.949734	t
163	4	9a94b673d8443ce1860f80b381fef6d829a0c601c4e806081d17a934451355d5cf64df29913e565038d9932517e13860d5d0cecd2312587142c283d183f05f8a	2026-01-08 17:42:22.696	2025-12-09 17:42:22.690332	t
178	1	26d59439efba00ed153f90900130c206cb098666bd80115f84f2737cab6ea8c194b9ecc780977c92ddf0987a0ab9b19c210448b7fa22bcc51101c178b67bf43a	2026-01-09 14:41:14.077	2025-12-10 14:41:14.083018	t
180	1	00c44f051cfbf311a82a0e522c3a0416199b475036bb18ca7be8ba80604695c1aba03a93e696b451bc54c8c86ba1782f97651ac1de19e27b5d08c32a46bb9e2c	2026-01-09 15:08:27.232	2025-12-10 15:08:27.236694	t
177	2	a39da079c7ed10ea670e3445c12c0675434894b5097d5c53427087c0a595aa2776994d6112e5c41019317ec6ba3d7b3bdf8547cedd656e46f299f197364ea04d	2026-01-09 14:16:33.956	2025-12-10 14:16:33.962333	t
181	1	49f3219a455088c17483308b091b7a22ba97b79bbe164f53b77421d1e55afb93405c000e2882cd98b3ef21dd0c1da56e302909a207c7a8b6ca110e9e3665cfc5	2026-01-09 15:39:35.718	2025-12-10 15:39:35.721001	t
183	1	196ffe8735bb663ec41b8cf17b7f6ee11e46e4953b7933f7417c1ea7401645ed54e842bf02c94857aa2bdef593c9f410853cbc2055d426df114cdd542f64e2c1	2026-01-09 16:10:08.804	2025-12-10 16:10:08.806964	t
182	2	69c73d0b2a1c03bf4ebca1e0a3065c1d3ffce6a8e12f41c99fe12336f33e19da3790b3ca53327e22ef1cae9d4b6c3a82ededc9fc0ac688386a36a5308ce6727c	2026-01-09 15:52:09.857	2025-12-10 15:52:09.859516	t
185	2	3810799a6f2f014d1bad37d23e3f8c226d758bdc8f5bbcc5164139cec2d3c12ef617525e6727b9e209f97190ef3238782d795f7677d2423e3c34ee7621bbd615	2026-01-09 16:35:45.423	2025-12-10 16:35:45.425898	t
175	5	3189ffa2e0177e3f677adcb919934e75a4887eb1bc4a4f6a1d9c196d6d8ed5b3eb3a94799026bc2ce94b2c210d9d2c855337e41cd35c496f8480289088351a99	2026-01-08 21:20:10.681	2025-12-09 21:20:10.675943	t
179	4	4241474a763346f1956aba632a16d424f9f02aab6e519a17bfc53ad838a223e7310d1278901b595069b855ae2357f10904480ecad8057efe73f3aafa20c3be16	2026-01-09 14:54:16.767	2025-12-10 14:54:16.772396	t
184	1	eacfa254bf81b591db46e255f76226c3470ee2f5a0d52aeda604e77b40d233729303e0478400c089a03bd0a75b739f234a9bffe9ac6376e6afc845aede784546	2026-01-09 16:34:04.075	2025-12-10 16:34:04.077389	t
189	1	72561db638817694126473d45bd1f8d3d13374f00145b5d42995fc42f2e263021b899cffb4c7a11f55320e9f73e16b7edb3bdd8d1473fe6e42f2a41fd49636f4	2026-01-09 17:34:38.979	2025-12-10 17:34:38.984271	t
187	5	2e8ef2f77bbf3f7c7f6b20ff9dd6def784283911b6f83a0c2fc6aa7b5ee769686515b00fc950014f25af27dedcabd8f2bc187e3c62a5100fba61cbe77dddae41	2026-01-09 17:05:09.349	2025-12-10 17:05:09.354037	t
190	1	5a161658cded43da40945a79f14348570d615d2c964183963d24570371d460634780b8304c0d55f66da8af740cc444ef3083c299b09f8217a887c06f2b1764ae	2026-01-09 18:05:57.865	2025-12-10 18:05:57.867302	t
186	2	9efc56c471d6b46ec806f43647d73bb2997d83e1ebf443c98f018ea965f8d2940481fb55b927c8639b640a19cfa6368206f95e23e00cd79f78e75ee4a8128c0d	2026-01-09 16:59:28.674	2025-12-10 16:59:28.679145	t
192	1	abdc685405a2413fb46e030e64ae118372fa76dd58a7fecba8c5fa54876399afa01629447eb82028346c11fa397ec693d41fbbc65448f578e64b341a1a10ad9b	2026-01-09 18:30:01.568	2025-12-10 18:30:01.570805	t
191	5	cd663aa4ec491489362c92c25b07e32ff7cd22aa4c46c69647f6f24a2ce685f9328324b02dbe3c9beb117a6a7dd05f0553ee8fe829e14b1f232b6ad0e2331da8	2026-01-09 18:08:34.234	2025-12-10 18:08:34.237005	t
194	1	7d23282a5759557bafc82412ae1a2c97040e73f15de2d51c488d415f9a51cf850f15f2676ca5ef4616e42a0638fc3fc383c1237d179a366f917f25cbe081e43e	2026-01-09 19:05:37.446	2025-12-10 19:05:37.448363	t
193	2	1d2a8ae1b99494985e0e3f0c420dd7f2b58019ca3014e6b5fbbdfcbde66b47fe25ad158e36d28ca3a2faa9ae58f981c6bfa85e17efdfa8d9a8f5b63bb60f4413	2026-01-09 18:59:21.499	2025-12-10 18:59:21.501339	t
197	2	9d5813d1d4375f1fc1c2e85332308efc3e9db8e64b7d96c1a0f66c7fac8088ffa02c1f9c44f1ce7434b85c13b135ee019d839d8529652343897e3ae4bab68dba	2026-01-09 19:34:34.592	2025-12-10 19:34:34.596553	t
188	4	689f7e6a417105ac239d061d168d8d2f444cdd9e257e594f58cf0ce61d43b225f410903b4f66dad5852e5b211601d498664fadb1cc3330b89eb8690f5f4995a7	2026-01-09 17:27:26.631	2025-12-10 17:27:26.636394	t
195	5	857c9fb5ff37a7fac263e2e4ab3442d32967f20f9a45d15d652967be7691a19d43ef8e5a5e2c71fec0514685b130962f9b2f0749d419a8589dc5cc2bff693fe4	2026-01-09 19:15:51.487	2025-12-10 19:15:51.489737	t
196	1	9efde3ca150c6087043f87dd0d13a17f6d944ac63d57b25e745440dbbddb67c93bca9cedf0805f6b2a4d810fadc3430d2950a286dd5b6c90bf14c755a111d2d6	2026-01-09 19:20:49.261	2025-12-10 19:20:49.26356	t
198	1	260246ebc76ecb0c42ed7c9cb43b1ee720324049aeb2d9b0ddde69537d790611a97dbdcd26367b68c9bd3ffe0d0f7d47609e7734d9c725c8c88a5a45d6a82d4a	2026-01-09 20:02:14.901	2025-12-10 20:02:14.907036	t
199	2	578bde3038686e2e8a8acde959e9f1c0b86e63c297ddb43c626f1ff5a790ba068b08ff7231d9e61ae3d2e9ae5931c553ab86b1270ab89d94dec17e799d97a7c0	2026-01-09 20:02:21.45	2025-12-10 20:02:21.455272	t
201	1	84486a7e52f5ca83705dd40edf421d45ff21a1e2cb6843ad82565f4937d96e1a12eb07d78ceca221123b41fcc826c63d138ebbfdee19c0025ea8af7d96d99578	2026-01-09 20:28:14.645	2025-12-10 20:28:14.651706	t
203	1	003b8e8ed234e29e3e7db790cc5e7d92fff4e36cf80def1bc1412df7d135806fb8a0b8384cee4700a0f7cf22ff7d0a64f3ab8016da9cc352d27f1d8f8ebd4c68	2026-01-09 20:58:23.596	2025-12-10 20:58:23.600932	t
202	2	f88dd6d58900004138ec84e7ccd931b5a6c7899aa4893fa9a8e8466b1ff147114149e88be3b47ef2c778b433bd3cdeb202b6e3e5190b1d41d464085135daa4ab	2026-01-09 20:47:14.488	2025-12-10 20:47:14.493443	t
206	2	48b1ce9d404575ea3d43bb5961608735e9dc4dbe6993f5a7b39e50235ab85b4a67c4a08b8c745954d4684e7fb22cbe70ee2d2075b72742890155e3fd16e7be8e	2026-01-09 21:22:55.569	2025-12-10 21:22:55.574611	t
205	1	7316d82389b7de6550094d5f3ea1995769634263e050a8eb585105ed99d5aeecbc91cc16d906bd4ce557311a936cd81605f3b7a26503acfe341c2bf950deb25a	2026-01-09 21:18:40.248	2025-12-10 21:18:40.253476	t
208	3	cfcdc20ca74c5337dfbb7de85bd3cb73622529d144cc3534abf991251de23d1cd3ff9a0dbc41aafde768ef9256389e88831fd4e5de8b3c2512404b6ae91f3d1d	2026-01-09 21:33:41.164	2025-12-10 21:33:41.169619	t
209	1	296766a93f660d1443192bdf959d2abb1ed85d6af23b85c6f61f407387dcd3c32780902e119faa58963963f2d01441537b4e2f5eeff2518eab45503e3c0a7f80	2026-01-09 21:34:45.051	2025-12-10 21:34:45.056695	t
210	1	a120125d6cd135a2aa0d1641632af9829c09275979f64117eecc04559e5b4177f84e16f4d73187c3d2c67ba7bd7c7fea34d879c2622900fe35ecc9282228cd73	2026-01-10 13:27:22.677	2025-12-11 13:27:22.683352	t
211	1	6683caa72a96af1430b09506850681e3b7aa3dd5e870235fc1f2260b506ef9a052883bdb638bcac6337d088f6efeb9fc51f108755afc7e65a40db8dace833c46	2026-01-10 14:19:45.178	2025-12-11 14:19:45.182039	t
212	1	f8578c62124fcaced807af894c024677fada4f25f06b39a8702e8a38ff573968bf98b8c85954c396e75a71cc674279dbeba58bd18c1072ff037aeecd77830818	2026-01-10 15:04:03.301	2025-12-11 15:04:03.30132	t
213	1	1ea9b76113440f2a9686a25908ee56ed7fe5f10969b43bdf826039a99025829ff4976fc1d30384f21e79a3ecb9734431388d50da8b6d5fbaf78c0644ae504f2a	2026-01-10 15:21:37.33	2025-12-11 15:21:37.331316	t
207	2	e2cb947c4d4f3355897215afcf25f62abc6e9512f0bea2e938fd63a86a2cea48c47bce7cfa6c82b62241b1f764b3375c58f72aa8a110329a4f0157f2c18322ed	2026-01-09 21:23:11.391	2025-12-10 21:23:11.39656	t
214	1	98b8051bb329fc6408320d11bdd3e0472e3c7b11cb17ee6f1b6cf7b44404521ea116402fbaa3ecfcadc74c305ac1fe6b766838ccba401085551ef755948eb2f3	2026-01-10 15:51:43.158	2025-12-11 15:51:43.165073	t
215	2	845d2164e61c9438e02ebd271c10f4897c3880b478ee980a06230278ef61a10114e24deb6a3f64fcea8f64d36a1eceb3dea86c51ae0ddb0208f204e43653db26	2026-01-10 15:57:50.851	2025-12-11 15:57:50.856024	t
216	1	2a3afd16032debc77513a8a36267c694d65c84d23524544388352194764cf3e569b7267069e565838c5208c1a9764959625da2ae19a5e2af7f7dea86261ceb7c	2026-01-10 16:32:05.225	2025-12-11 16:32:05.228066	t
217	2	962dd8865e208b5f821907a58f1b7ffb72d49e5308b13322bf584677d0bb28a4b69f154529b42f634c5a209e7876179920baf2af224476b9f5249055a69f69a6	2026-01-10 16:39:19.485	2025-12-11 16:39:19.487409	t
219	2	0d08b0db66fca30b1da46b2dd541a8a56d928d688c5cf99c9daaac024bb861bc5488b1d357c9e3922876fea78002058bda2a219d01d2a7aa43c9128141fc4f7d	2026-01-10 17:36:17.747	2025-12-11 17:36:17.752908	t
200	4	28453ad8d6f34e9d72457185d8ec1d727d255371f67b3c559594f37b160716c8cfa850ccce875c61d5503a18bc8364a0fb9adb2581f831383e5c83a7d8e1cd2d	2026-01-09 20:25:42.94	2025-12-10 20:25:42.946103	t
218	1	ca203e25b7214104d32f031eff897d830b85b66b4bfcd0dcbc6654f9eaefb660add45d9f698bc3017878dad6d967f87b2b8b9e5ad5a9d8396a85809c94482158	2026-01-10 17:18:45.552	2025-12-11 17:18:45.556841	t
220	2	e0a08dbc0ca0e716a1192e785e384eb20af9d1051a388ec030f48e08c8bffdbddaf9f63af7d80c6b45a9ef2daeec4a8c81ad27552d5b0c395f5bfd835fa1031b	2026-01-10 18:25:41.594	2025-12-11 18:25:41.600265	t
223	2	e07be039d76ef4fa6b29d81822ccbf9f60ddb409353c3fcf8b4b10b062db83dfbd02b8a23a62e7859d38660681e43d68d9985e314a0fb6717f8cf06dd4bbd203	2026-01-10 18:43:00.078	2025-12-11 18:43:00.084655	t
222	1	2d8ec362d1e62ee8b2829f5fd3061812748dbfeaf87f432aa44e58a94dd83d991a9597234203a8f4056795017825b70c516724a347bf313ef54e0c582930ced5	2026-01-10 18:41:40.898	2025-12-11 18:41:40.903792	t
227	1	7ceb2577ee97b8e23a791ad0cdd4d271bc77b654f659d3b1aae95f5b253a24957c4929d6faaabf8c45617f178314330644786e55ab5cafa9950826b904087651	2026-01-10 19:56:43.494	2025-12-11 19:56:43.496565	f
224	2	3c205fcbd3f76af388653d1412c1fcdeb87f88faf02d662936ce0c71a2fdea729acf9d9e40fb37f632333d76fa08a8ca9c24ecb7bbd9ffed2019224697c6052d	2026-01-10 18:58:32.215	2025-12-11 18:58:32.220602	t
229	1	1f67f2c41ec6f3b2a6e4d47be7ebad2a7acc747285cfa7366593de0b00962a0268d7f051f3e0a6889979f15da1eba1ea780bd2363cdffba4706df1d0162b19ac	2026-01-10 19:57:05.652	2025-12-11 19:57:05.656128	f
221	4	2f7687d7ad77dff72026a9a777fe5811e2f2d408a8bd626e62a2e98a1b020b2cb0881a315d60483869226258c5a8ffda8a50f78d9dc682140863a4d5d46e43a4	2026-01-10 18:31:00.265	2025-12-11 18:31:00.271171	t
228	2	1b5611779a19193b87afdfa92f34047ee9e5b03163d8cbfd0b561a1509219d52489b9dc5a852fce62916a8ef3ed6e021781dddbff8abca9595ad0f2d9e87f6f1	2026-01-10 19:57:00.149	2025-12-11 19:57:00.152765	t
225	1	2a73d3897951e7ed35ddfe4ebfaf2596077f37faeecb7a114ad074e28150319f704e416e9d85a655fe8ba37903532f64f5c22b399ee83b23678677fed5aabd05	2026-01-10 18:58:55.274	2025-12-11 18:58:55.279179	t
232	1	8d154a8fe4fad70ef7098166d73578ef887e4bf3e11c0181aa4d1b89a6a32d9efb3b9955eedc54bf5ef40dbe5f91a27cab907f990eedac64d6bb757854394c62	2026-01-10 20:27:05.658	2025-12-11 20:27:05.660502	t
230	4	56c8e8dd6d0880ddbe6224451b4a124b47c8429c5df1a723a43dfbd1c8408ffd891a5e8df78f0bbabe7217be2194455b4c8174c72b1fad470422024fe4fc1321	2026-01-10 20:10:20.985	2025-12-11 20:10:20.987398	t
235	3	5f9acbc2e5d02fd0055b6a497cef976db84590275ef4543fe837ca635131d0b6c3288c6da490be742e04b55ae838d893bfcdf34c8461df349106cd3a1afa1026	2026-01-10 21:19:52.205	2025-12-11 21:19:52.209901	t
236	3	592a6fa574e9ba256162cecb5917ade8fe2ecb580ea2f5f5a094df31cebf25d23d1263a49e7bbae6de32842194950138096883c3c84438d8873b6dfe1ef69754	2026-01-10 21:20:31.92	2025-12-11 21:20:31.925672	t
233	1	79649cf94f70e9a42e9b49b38ac80ca93388be7e501d62f0d2f1f4c8c7d1c50fec9a0dd67ca983e474ce55e3eb6e18cc114eea76ada251f937d18fee62c29b25	2026-01-10 21:01:24.587	2025-12-11 21:01:24.590756	t
226	1	ec68188ba5b026b41c6ff79510cf963c626a17de86bd97597d3270d627dd949e973c99d3affad109825e1b56ac275c2610afb60b9fb46e16848440ac8866ab1c	2026-01-10 19:41:56.382	2025-12-11 19:41:56.384534	t
234	4	0c669a02d1bd5d043f40e01ac273dbbb7f26dd1803ac1384f5acea1bde1beffe29e9460b2817ee47eed547362788a74c90299ed86fc8abd51da63ad80636934f	2026-01-10 21:01:39.087	2025-12-11 21:01:39.08995	t
204	5	bcece59132fcad4b092f946f95817d66563bea52cb07fae9b3f95b08bd771cf04c89e7095d2bcde2ba638bdaafc374e5d99a726c1196ed33ccedfc04e46a26c1	2026-01-09 21:08:03.218	2025-12-10 21:08:03.223683	t
237	3	e5e7546875399dbdf4fce1ad6df5c6a7f92fd5b31c27f316d2e862a6f60db27172fdbe601552daca4764cbd41050abdb916304fdefc421fe8616c74fda9d92b8	2026-01-10 21:21:22.865	2025-12-11 21:21:22.870097	t
240	2	196bb631e9f3d923967a1af58cb9a86703dcdfaa7c05e45c016618c384cb90c6a673882090aa3a021d7901056090dd9d5b4d561de8305c86845e7ef17855dabb	2026-01-11 04:45:53.546	2025-12-12 04:45:53.55116	t
239	1	96e66d9ba332bc62c815bcb8f74c4bc4fe56756e09a640b3052b82924292b8f2a7d510d5c0cf71f9ee0eaebe36e0c15cb49086b22effb9f69aa25f9a86602025	2026-01-11 03:07:22.245	2025-12-12 03:07:22.248366	t
238	1	ec5634da48dd6c41d6ce96bf897fb603f87692695a0d5b955b05085598a8f4147d08e3fe29efe39af80b8591c739e69d53ac1df469c58b945318b7a2a77504c5	2026-01-10 21:25:06.911	2025-12-11 21:25:06.916397	t
231	2	a66767874cfb50d355cf302e0772355b6286395c3ee13f81d9a89afe9935fbf05559ebf3bc929640ed884e47da724125c87a2968aa49032ad0acd58f2666d392	2026-01-10 20:25:35.781	2025-12-11 20:25:35.783756	t
244	4	cbb7a5f6a13df820a8e162c2def7a126fb9f21b4fd0cdf48c7aad978196de3b89b6dde645403020555db94253cb8001fad1a468ef9d69676ac3465e6d5bd3cb0	2026-01-11 14:42:01.263	2025-12-12 14:42:01.265734	t
242	1	f8e924ce97031458d74f280887c898709be2d702496c3b9f963c665ef897bff67b31bd1e6f738763fdfcf3e98c80dcc5eb80d08fb20259e8af07b910863f11fe	2026-01-11 13:25:44.486	2025-12-12 13:25:44.492208	t
243	2	85c60ede0bf549a77f1cc13ea3f7b51573b9083afc7a6abbf855f004ae38860db6bc4040728b2e7586d9bd7f56ab8076ba2494efdded371cd5d7750e804bc3d8	2026-01-11 14:10:49.697	2025-12-12 14:10:49.701156	t
248	3	19b78b7481ce757592913dece264e0181b084d5a9115b54f118e75c923ecf8efbb318d1490cd30cca27448d0c2a35e1d4a17f8cba4e31d2ca3f10341a7bd0e60	2026-01-11 15:25:36.966	2025-12-12 15:25:36.968768	t
247	2	606822189e6e02edc10a94e35009a4b8062a2bb98cc53d4c2d3c53c0dcc3868308be25923249423a3ad53b86be5a20d3e3ae055d4bd5f6128d62a88a7100b9d9	2026-01-11 15:16:29.601	2025-12-12 15:16:29.603295	t
246	1	37eda0da7469e76c33da89e6c3ee0f282ea999f49f3140cedfa46c6c5a3e4dc5b6c23c4bd1d5e3f3e0d6630841205fe145ad7ad4da5e08bb8c931967ea737a83	2026-01-11 14:54:01.438	2025-12-12 14:54:01.44087	t
250	1	3d88d0de684f64a24b3eb56362a50eb421e90c07ce9a2f61273c8fc83a2eb1bc2943f34b657547c69b365f93b007cdbf923fa86e50a9605593d9c73c2282241d	2026-01-11 15:40:38.522	2025-12-12 15:40:38.524348	t
245	4	3531ab7c89bcbc01de5084ec8f6a7e3c42a7349a30ab4ef550de123c2125e81c70e904268823acfb0d38de574ba426df6400a6f910c0c3cddb94b75bc552e0a6	2026-01-11 14:42:01.552	2025-12-12 14:42:01.55462	t
249	2	67dd9faa30d38453df48a3758afa65a74da22bab50f76ab74e566fda585d753f61dea93a559093d5eaaac4558bd63b4645db3ac69e45660ec13c8e11b236182c	2026-01-11 15:39:40.775	2025-12-12 15:39:40.776977	t
251	1	d0be2e45cb4feec5e8d699a435f3fc267110b5a9856950c38287a41e4dc231aa5411115e10726f9ec584fcb60e8e123202a1b02dc64f91f598f8b044700910e0	2026-01-11 16:02:08.31	2025-12-12 16:02:08.315178	t
254	1	89cb5a5ff54f215c596a93785d5b85a525fb7eeaf694967847967cb03b7b7e10318dcd8bd78cd90d96816e134bf14532a426db5f6313e5aeeae08f4ad2289aff	2026-01-11 16:56:47.813	2025-12-12 16:56:47.816476	t
252	4	646a3a6c697321cd0c0fe01e99fac6dbc18943bdb48c9444b7f3ad179826eff0e9676d0e5f37dae5e1cd5f4212e9304389669847fbe53aa8c8f0f3b08129772c	2026-01-11 16:04:45.892	2025-12-12 16:04:45.897611	t
255	1	ede7355a1ec33b5db4f560d13a74cb30cf9cf7138efdb19575df0360701ef0d7835c604779ab87a3399542a22e1e8178d41a7f0c62ba43f73401ab2adf11dd31	2026-01-11 17:15:45.19	2025-12-12 17:15:45.194571	t
257	1	e565f977316bc928d575f35aa63c4230ac4ef736391f200b919dedc6fa39103296d10f861be8e86c3d2a7fd8f6f4f7ab1af6dcbf1a689f8b8285ce5c01380d99	2026-01-11 17:43:41.612	2025-12-12 17:43:41.61628	t
258	1	92af8651aa745baa38ac34604653f2591f91b9aed6b8a065180aa845ab1e960342ae7e376dd1dbd2084e198c91ed61e1793868d25e9e12e350907cfb673a81fc	2026-01-11 18:08:32.459	2025-12-12 18:08:32.464533	t
256	4	e0ca5aead32e45912dd90421b5b212ec0b6e6e042a9b93cf25222cdeb6f2e09c4463022e49031544c33457bf164c3848f737af9b3f6d4c4019a37a9c6d8c6fb0	2026-01-11 17:27:19.751	2025-12-12 17:27:19.756107	t
259	1	c09f99f3018c633a83a1c82d8d2adb7f758bf1ad3987639865abe83039e69b51ae01d365be4ae9242720f6a5f66e0a52d8373675fa4179f9e4da88973f014a0f	2026-01-11 18:28:15.276	2025-12-12 18:28:15.282379	t
260	4	05974b2aabf634dc06ba098f3851c1b58a2c27226c47e086c36a8b61269bda22eefc6a4aeb0a75dc167d1a92f3b251bec9f26274451a96b636b52b25972f52aa	2026-01-11 18:31:53.249	2025-12-12 18:31:53.255781	t
261	1	6641f5c3463a11bdfbb5c444a3fec496a3930ee323d06a92d2a7c02b730210a65c1409f66e9c91fae8dcf547e1d528c39b563a146ed0ef01a686eccacf2c0e69	2026-01-11 18:43:31.561	2025-12-12 18:43:31.567108	t
253	2	4f8827cb0dc054ea4671dfd3f42d1c80cfb40d288bef459571296ade3dee85ac80a3e0ebfb8d354f8abb6202b924d2f005b334e5cb6fc0c859b313f6b5d064e4	2026-01-11 16:43:57.439	2025-12-12 16:43:57.442758	t
263	1	ac94ea2826f1608fc0e2f758f0d960ed5ec369365f34cc03fa4c1498f879214607d571959ea4a7db11f5314be93456a468eb517491cb8f3de0f71da1e00bf869	2026-01-11 19:08:50.937	2025-12-12 19:08:50.942555	t
262	4	a3c9789b7d6b39ccd39095639cbd541ee85231d074916486904420269752dd031068238cade2cc955eed86ea2742bdc5ffd216e61d4c2564025dd7d01a5a826c	2026-01-11 18:51:46.328	2025-12-12 18:51:46.333935	t
264	2	c3b356a65779f39994e190858c10031ea73c39033661199cf24e697ca721af0d5e655b9fa46108100307da96f38908b735e2d2ea00de5f9ae2797349a2f9a169	2026-01-11 19:34:23.108	2025-12-12 19:34:23.110916	t
267	2	c38cff8870f2b80e19dec87b56a4391d9907b44a93ac924c6d74bf25345b229bb4541d48fe2388bed5fc6a563f03d200e3008f5894979f6bb589096ad503ff28	2026-01-11 20:36:20.284	2025-12-12 20:36:20.286492	t
268	2	e84cdd59402c84057db44e888e2794036a7de1ff1bfa1ed234e6c5ed92dd936586cb975db36cfe40f08c776d52ef7c89a0719370e823834c3db87bf7e3ada06a	2026-01-11 21:02:26.994	2025-12-12 21:02:26.998428	t
266	4	2613add18b86acc670d0de8d0e8f970029882c0eeb99d397437dfd767fd9910ff826824f8bce43a67c05dfeb1fd57f181fd5702199b671b4aa1c0cafaffaf5e8	2026-01-11 20:36:14.795	2025-12-12 20:36:14.798157	t
265	1	2cabeab7f9aabdaca37cd2f6ab7991f132a89316d4623a5ee6706be3eb9fd6dc93287b7aa8bba759a0cd706a7ec0eca63611ccccb3b819c60d2d75ffa0d820e0	2026-01-11 19:37:33.269	2025-12-12 19:37:33.271964	t
271	3	e8f6651fb447edee2c62e166ce05c16bb3053500235eca4fd0965137d775ac786ba3293a67e36c77abec60c1b334dba8f02520cebd4ee90cfdd4814951860356	2026-01-11 21:17:25.277	2025-12-12 21:17:25.3022	t
241	1	26b1541f75c04fb2f83dfd34089c5b9517eaf66e4df868809f7606429e0f498fe2d44b636fa58ab371ee40072c91e57a51277c40879551ec82702b939fd0f6c6	2026-01-11 05:08:28.147	2025-12-12 05:08:28.150952	t
272	1	af8e1bac2506a7466890e6b5334d9a0c05208657f85ea50766ed1a4aede9b9ce765731ae10db50076336cd59b0eb9f992d8b11a241c38dc8e32edd47f93725d5	2026-01-11 23:25:34.577	2025-12-12 23:25:34.580895	t
273	1	c11d5d818b97c5538c006b57ac42728a8872d5e68245ff071efe636d5d54143786cee2b67330e2791fb1c35839673bb31276bed84b2ed052cdad8520b9fc37ae	2026-01-12 00:15:38.916	2025-12-13 00:15:38.921033	t
274	1	6fe6a2cce9a9024803e9281e2d1f60e1584b83ecfdff3b75a6b7dc44462f9040020ce1b39b254ddc6e661353aa0da4f838e329799bb0c8ad485c2b264fd23caa	2026-01-12 00:32:23.884	2025-12-13 00:32:23.887081	t
270	1	89ec216fb889a2a77788d86f91e2eb7d4a0197ae865283c77491e233e681ca0f9c384cb317968550784b39609169bd497a6ce0269befed9962876a161e244129	2026-01-11 21:05:21.858	2025-12-12 21:05:21.862289	t
269	4	b1717ad4cf20670b897b9fc1109d2b8f449f2dcccab2dd7cdfc9c6c40fcbc3d322026013597e4dc74fe28bf799defceeb1312b9af2168d11d6ab2fe61c018908	2026-01-11 21:04:41.904	2025-12-12 21:04:41.908326	t
275	4	60f0226dd0d6209000d666e4c5fe85267535fdb339df0281b272ee589963fdcd2d6677c203a3d73a1c7daeb4af356ccfe9301122771ee006d116d7de1086c3a4	2026-01-12 01:20:25.914	2025-12-13 01:20:25.916582	f
276	1	eba7f8b35ab7cfa3fdc8d13bfc4e145d7ce2b8f3cb006ad8c81c52e8dfd7b81ff8e06750a30a6bdf94f0fa4bc19208dac4dda40db1c9b853bb36cf5f82dbc776	2026-01-12 02:45:10.737	2025-12-13 02:45:10.739735	t
277	1	8045afe04581254471a66769b7afc7fb6cf4fdaef1cf21d83b06ebf2756d7971c90041599aa4c1f1202b3d8a5c767f3c3a83f23c79784ae5187399adecbd0fb3	2026-01-12 14:38:22.583	2025-12-13 14:38:22.587933	t
279	1	2fd70dfbb33b0c8b282951c4f840720608da55ebc0560493aae4ad7853001a6ad8a42a1dab9d09e5abd008c49d7aff9a0d7f6549ac4812c73de388b5c1f328c0	2026-01-12 16:50:58.169	2025-12-13 16:50:58.174011	t
280	1	10fbbb09fd01ef7fc2b3e5b04ee670cbe911b00e7816bd5548abc18e5389eb41101d858ec41600d9c6201d785c7a02961dccfea49d0364585c78d618e604590d	2026-01-12 19:44:48.261	2025-12-13 19:44:48.263781	t
281	1	bceb4c51da8b10b81b258778cb855ba55a0d30af02a15b216092a205ec05b501c012e22159fd5ad0b3e5dd63508aed3a6f53a7879df780d100b615dc4df88d2c	2026-01-12 20:07:40.688	2025-12-13 20:07:40.691235	t
282	1	768f010a4d8638c2ed8803c5d89a17f31f573ec5b935dd2356e0bfca1b07f55b77a0fb1e78e3077c5fe88cb55e0d799716438ec373565e95372fe7cbc4dc5906	2026-01-14 03:06:06.638	2025-12-15 03:06:06.641335	f
278	1	b32d7333c01cfeaabb7d66e94aeace9c127fb47b8246af1c98c651c825eb1f3424d848262dfaec902441e4fadac0354dc04b20abef34e7f99e93691b4bc1e716	2026-01-12 16:46:57.661	2025-12-13 16:46:57.666021	t
283	1	9aec81022eedadd9a6f72ac172a33c091a136b87ffc82446196d742abb4394cd0ac4d3ed80fa3d6b84ca5df3899f17cb64a1ff61ae6e5fac273e383a6e4e0b9f	2026-01-14 03:06:26.922	2025-12-15 03:06:26.925	f
284	1	f6806031983b492af0b318d7543283046caf15caf15ee80644a0693cebf5b141e19574901e3998e897dd477ef2758a09d9a1ea00ec67e37041935af10491760a	2026-01-14 03:06:51.378	2025-12-15 03:06:51.380977	t
285	2	d22f5631a80af8488223c6cee034bf6e4281ea31f26db968ced9fe31fdb8b7b84ae57211778632ebbd8ace745226d67484f67baa61974be4fd991c53604fc38c	2026-01-14 03:07:48.547	2025-12-15 03:07:48.549959	f
286	1	5c6fdc6ddffa2da69c671f91592390f93d685a937f60533734dc05a33b90913cd6eff15621ad03b65e3da949b3effc8b296b2b4ef8ce69fa5acbb0492c89ceff	2026-01-14 03:08:09.58	2025-12-15 03:08:09.583199	f
287	1	81f0b432c1b3aaf9e09a5588287209aa25b2d98b9234d71bace034dda23d0b7e26e5f26c481505a111c865bd76a457db9d95881c93aad2b842439f1cb2e02701	2026-01-14 03:17:50.019	2025-12-15 03:17:50.02201	t
288	1	ef4371a763acf154b8203799117c984b3ad8b0d8c72a8d7f3cf50eba216d2b9047cb6c1e9ce080d72ba0ae29a5b38f189cd0c43f02aeff3eb8b4309cdfbaf0c1	2026-01-14 04:12:11.359	2025-12-15 04:12:11.364547	t
291	1	520ac8e7f7250f90aa5b8a6554399f6a979737531bfa2c6e008461225c5d5be8c157fa834614e38e89116638fe8efe7c51c5ffa0f0c98069b82288cf5946fa49	2026-01-14 13:16:00.383	2025-12-15 13:16:00.383548	t
290	1	4dcb2cd4bcabf1629d4c76d7b2a00b63e370bbfbb866f4aa7409452576587fb968d30ff03bc2045768bada342afe230bff9135b9d1af87a4ef28f3c240459652	2026-01-14 13:03:32.519	2025-12-15 13:03:32.52004	t
293	2	1b0354d90506aa793ef625f9ef9a9e3b2b5be2aceafd61d6fdd0953755708aaa9626228475a07b988bd6bbf5cde3cbe305a5c39cfc1948dfb267b8c7fefa45b6	2026-01-14 14:21:22.505	2025-12-15 14:21:22.506019	t
295	1	a149c9391a42bd1353fd643f6177209953f562faa120c2327f174a62189dc525b54d5c4e6d3ee77f95d69bbf591c40a85c5cb8f17b8c15c9f7bf9972eb4b8232	2026-01-14 14:50:35.192	2025-12-15 14:50:35.192926	t
294	1	f198d0cef673868d05c4224a8eca4db15f8aeea44d4a8b4f0d452550c46a1b0581b8fbd254269fe95e06402d9559b881827bb50ce28b5459c45f2fa6f0317491	2026-01-14 14:21:38.602	2025-12-15 14:21:38.603293	t
297	1	2ebc4ba634cf6010d40042e4f8aeab248c81911ab9daa3e2766c369a8237fabdecd99dd084c27949dba7da8500d7a945a6d14cafa52ad84eee4edfadb7140c61	2026-01-14 16:05:54.546	2025-12-15 16:05:54.547251	t
292	4	0d0c73a479d05e0361883b9143a289f71ca8b7ae37feb02fa65a8867f50173135dbed98f22a89226f64e288b0df1b9db916f14b9ae90730460745c8a1ebf8df8	2026-01-14 14:15:55.307	2025-12-15 14:15:55.30753	t
289	1	ba21a173ced3992e8a38cfb8c287a3dc002b55f86021420007532f46228c6f66d4a554c4513d2004b5e48fabe281fae32b3f1b04bf594a97cc2009ac23109be8	2026-01-14 13:03:21.719	2025-12-15 13:03:21.720041	t
301	1	2786720f0c79a11e4ebc4e3e1711cbaa2db28f912fc81c4b74b982bc40e560b53e798dd5050cd408bb646e87aa0c79942c89a6ecd2cd894397acb1f349157be1	2026-01-14 17:11:32.3	2025-12-15 17:11:32.30096	f
298	1	43b00def7a966330a0506908a7faba9126203448d68e8ba77836176f36d679209976b3456b7b8a60c0dbb0d797e378bfd9045a507c232b118a83396f8eb3c007	2026-01-14 16:23:57.796	2025-12-15 16:23:57.796832	t
300	4	887fc5dd6d6a130e2a0671af46c20d49cc0e423055f27cda5c3e3fc84d34b30b0f03ec2019937adac62d1477c4aaf17b7a1095dc2d60bbbd45d94ebbf0dccd93	2026-01-14 16:57:14.499	2025-12-15 16:57:14.498865	t
299	1	e9564744d2ec3e4e2cc361d0a19b4ddd4317361e045d0c0fd1c288f001c1ad7ae2e35e3fa96c56e04a52ab7047ea4ad70e701fc3522a4f57b86dec5639f4f5f7	2026-01-14 16:47:55.608	2025-12-15 16:47:55.608493	t
296	2	f1619b28c2031deac353273e92308fe134a97f9387734326f86c00733a0918497c63ea238a55229000395c0e1f22249c31ceb9a96191212b574d3a6c7e08c1e0	2026-01-14 15:39:02.782	2025-12-15 15:39:02.782939	t
304	1	eee67418451ad8a702e91d33c5a532d24d238702ae8105f7365e520fb5fa126c4d54a33d8dadc87c1136acd14548129ddaff9ac9c029b59cb5b6f99ca8a30cc9	2026-01-14 17:19:08.109	2025-12-15 17:19:08.109788	t
303	4	e1d2da3f3197439f6c54c28bd0d9b1a51efcae81ec62c85eb00bcb889a77b4c955dfeec898deb626f52da1c39d4f69480e07a031a1419b3cc2ebac254812cdc7	2026-01-14 17:18:29.757	2025-12-15 17:18:29.757451	t
302	1	532c01ddbe7f478b90fd327a82aa603e99b5c665791f71d33a737a2d55ad6a143a9d0a9b1462fd6c65e180b9e23e65707d0ea17be0d83a98b9b7eee831211975	2026-01-14 17:15:47.79	2025-12-15 17:15:47.790886	t
306	1	6ac42c92a70f9675e5a904b1aff70f1d9168240432a2f098da221cb7ef003b4db00ca399534360257a77634d6ea68b9102492f09a74322505897fca88eca9b82	2026-01-14 17:36:54.638	2025-12-15 17:36:54.638582	t
305	2	0d09989c20b221e1f671f5363f1dd8ba7d622251504ec39729d36c29d96e963dbe89df87ba610ba6db34eb8a5941521b6e335848dfca08dd83dc48bae5e50a18	2026-01-14 17:19:54.453	2025-12-15 17:19:54.453128	t
309	1	c07bc60ac34f67c7e704d125b7930c84a99068422ac111bd886ae3013b20c4e03f697fa9edd033c3fea6514cef272bfa5b8674701f7b5564514432e9d176e9fd	2026-01-14 18:47:31.358	2025-12-15 18:47:31.359338	t
307	4	494615499eaa1d0a31e6144dafb590ea7e2f0bab9d218dd68d3f2b34955077cc831b856c3316990bc044368fb450b903ca4ec7280e00be1022b6781e1f61fed8	2026-01-14 17:59:10.897	2025-12-15 17:59:10.897961	t
310	2	e8a68ec5a143eb877c275170effcdd598c92438a438a5f3bfc14de941804b3af70c01e170c151916728c5337b893813fd92e8f689bdfc923f66b9e1dabc000c6	2026-01-14 19:06:35.659	2025-12-15 19:06:35.659374	t
311	1	2106c80893b89c4d2ada6a3cebd3ea0a6768a0f08a63840a9ac8adb167fb9e26cc1bd04c2809941fa0a34579499f15ed007b3436fcc64c70af2e46403e26fd87	2026-01-14 19:31:15.103	2025-12-15 19:31:15.103615	t
313	2	0ccc97a47adcfddd26b54e4025f5e24cd44832ad88dedf53e8a7eafa938c72662a0e874f085871e5d612992853372e8a4e26138c6f250781dd016c65c348c0eb	2026-01-14 19:42:50.15	2025-12-15 19:42:50.1508	t
314	1	8305c4b9baba960f667a7cce669d283aff036bb984bb610098b319eea1b637f422d3e066d8a57d26d245a4e4448c8c3a4170885f52168bd5bdebdd067769a0aa	2026-01-14 19:50:34.977	2025-12-15 19:50:34.978197	t
308	1	3177c334d2edddaea53fef447ded132ae2fd10c22d52366e7360d0eef425603bdb728e13a38bbbff5ae36ae1156d4d7b18ac73decc48f2110be728b2f70b914e	2026-01-14 18:38:21.345	2025-12-15 18:38:21.346435	t
312	4	16dcfa70d992c0de50a6df1022ac88c0f8b0e03751a235a5fa15df58d03d9c645963d607ecd40d1cd49e6a2795395966b5426053259db5c5aafa538b96c31eca	2026-01-14 19:36:02.706	2025-12-15 19:36:02.707569	t
315	5	ea7fdd16e85689dde84bd73db64a259898445d17e89cf404831d674c1956badb7d62c23c8a2f4efb051dd99eef2097fefb8d1ce1404bd66dfdbe8e2fa17a9ecc	2026-01-14 20:16:37.031	2025-12-15 20:16:37.031744	f
317	2	cb75be79cf0be992ee031d1b5e2e85fcfff88aff6cd581d96dfe0ff54ffe91c21840c49043b6621102c48716fccf1f721d03385892a6ca6e25795bed0e57dc2d	2026-01-14 20:27:46.814	2025-12-15 20:27:46.814926	t
318	1	635d29601ed2ee6ba121ec1a21eb76027a3e227ad379704889646b407a533204f28de9d5b7dc32c3f1633ec96dfbdffb82f7f650da6c194b7c971a28836e5aa2	2026-01-14 20:29:01.999	2025-12-15 20:29:02.000223	t
322	3	aa1ed8accfb8e314da64c4696844b6b290286557b990ba87bea0c3fc9d59d6275b4d76a2e1f246557d7462c6fbad2eb233e3961f7a9ccbede51e41ed6b6aeca7	2026-01-14 20:59:57.387	2025-12-15 20:59:57.387909	t
319	1	015e7da0d90b6c33cd18853f717fbffc1c4a361c72beacf2c485fe919c2322b83b1414a996e49b179c738e2821a59ae643ca1cc865ab2f6c73f4c05ad2be3959	2026-01-14 20:34:27.923	2025-12-15 20:34:27.923604	t
324	1	ef7931db3e411c6da72e102942dcef2e84ed7de159c35a505f0d14d14ac2392332c9f6a85abf24cac6b211e2f5d09fd9815d986c8bb4a8628c88c98e3114a390	2026-01-14 23:55:57.46	2025-12-15 23:55:57.461327	t
325	1	ee3f60ea525434693310ffd5fd55058dbada441c2a0a804bed6ff9171a49b5032226d1d8ebfe4efbe4192b3915fa3399a37a14294a5324d1972d823631448d13	2026-01-15 01:54:21.7	2025-12-16 01:54:21.700946	t
326	1	4c6fc52f80e0513915d1200a427ef0108b2c5797c9b2177ddfe67512c2b659b7898b6e7c8a707b90e32a7d7dcf7d7d9f644f463b429596a1a4ce34b46ac3d815	2026-01-15 11:47:05.131	2025-12-16 11:47:05.132121	t
323	1	0d18c9b175c1f9401fff193877f42c9dd6b51b2a8aeecc44eb0b2fde756bb0c717b08d03afe2981f55a20ecffd9ce037340d41c8c625ff32be526a1662d9ba6b	2026-01-14 21:00:00.414	2025-12-15 21:00:00.415736	t
327	1	3c0b790ddb90dbb87300f34eac652d9d067564b4d063fb1e279c4d2e008ec2dd44c480286fe21f42a5e04f5503df710a886db82cbc8d8806c6a7b7ace29094db	2026-01-15 12:32:00.309	2025-12-16 12:32:00.310537	t
330	1	7230d858cb32adb7808f8850927047ae93220ca09ce0265425e4edc9e0ed5d5bdbd43546b1b5aebb25d2385d17167ad1e0ad03aaa13fcd656885baab7a26d772	2026-01-15 13:45:49.389	2025-12-16 13:45:49.390235	t
331	1	90d75520d77344bd3c3ad4d9ae4f9f8d7c76bcf8d404233f359679915619e24e410fa369060a1c1725f06883986cd9a014aba4bc9d2f2c75b739d46363f36b9b	2026-01-15 13:45:56.187	2025-12-16 13:45:56.187837	f
332	1	92cb07baaa88a9cce05f95d3a79282a23bb5a399658b37ac1c0582d7cacf906e3edf761b296944da2916d7f31718e0e7e9675766ba8e63f91ccc8c4d1dbd46a7	2026-01-15 13:46:23.064	2025-12-16 13:46:23.065241	f
329	1	6a14deaaf5e381249fd829fb36a2d96cfb1ddba8990562217c3d02ad8664bd713370a8b40fac89f3dba66faf85d8a9662c5a24af36186fb2cd425d7a57784a37	2026-01-15 13:33:40.642	2025-12-16 13:33:40.642426	t
320	2	6540befda705ebfac7aaf187f79b847acb876d2bb1b88ad444c82b7b71008ce4e2055e965e36500f86965eba26a2a88b6134353995bcceb2ab3370d561302dcd	2026-01-14 20:51:45.809	2025-12-15 20:51:45.810108	t
333	1	6e1e1120c6e35022a50ee4e079e3942f4e475883203b3c5751ba9ca668d54a3e03bff75d6290eef65003f2272e52a3795e5af3d690e363d603275ac164545ccc	2026-01-15 13:54:47.58	2025-12-16 13:54:47.580781	t
335	1	31d2b7c703009acbb6ad1e1f901ca4d9d7e61d34a27b59f1297281335e425fe21dbf3f2dfb70edf5d09a834a14c6afce95638e43ba008bf38f05f38cf8e8eb79	2026-01-15 14:47:54.697	2025-12-16 14:47:54.697899	t
336	1	4ed80528ee7308d7f0be86ef27f7c302faefc7d427926f6f73fc18ccd1b68627e7e840079217ad06e2281e9f4d9c1583b71e8a74b08f63be3b34e8581dceb682	2026-01-15 15:22:04.722	2025-12-16 15:22:04.722981	t
316	5	30597f96fbeef4e1422e011ed35b3b8f2d193a9ea96ab80b3d4a812ee133c7df5be2bb6fc338dd5e5920ad9a6fb9c6ac4954866a5c8a2bf28a7a97bc8d4aeee5	2026-01-14 20:21:10.083	2025-12-15 20:21:10.08362	t
338	5	2ad4653c7ff85f5251a8da65e5c636099844287849fdefa7032e6ecd5d015d0a2e28d767df82cd241144e0be7c69444afec5dec11e3a76cb816fb033af70dfdb	2026-01-15 16:14:00.098	2025-12-16 16:14:00.098959	f
337	1	a51196755fc1170153c787c91b0c973ece0bdbf950950293ad4b83c9966989f0976f10d8cc17e53f9970c634e2cdb21f4f3bdde75a3423a04d449fdaf9fef08a	2026-01-15 15:50:46.687	2025-12-16 15:50:46.688385	t
340	1	0e43ad1707e53751aef64033aa5fed3bc23f9c705f56732a5d109ce2e01d4ea251cb9048164f3eb788e905dd74b9f660b45be983911a3cbf320e2591248673dd	2026-01-15 16:21:50.441	2025-12-16 16:21:50.442202	t
334	2	de6f07a5eb42746cd0bdc4f651dc5509dd8381447bc5803aa32e1cec69a3664f7c29536ebdbd80e10e0a1570094aaa5f0807d0bef4a33f4d6c70a35fa2e3853c	2026-01-15 14:21:16.924	2025-12-16 14:21:16.924757	t
339	5	1f8e147ebff0fde02d712a9ff5e2ab0a5fd07141a8e36aab912574fda1e7566a378dabfb300b75eb5b9e890bd99fe4d25a6c1bff8ba7976f79a44670c1a6dddf	2026-01-15 16:14:07.519	2025-12-16 16:14:07.520475	t
341	1	ebbc35452c2d2683947a6499fcf87bae06ad4a8a9843bd4be1e62f75be7a9364e48525322b7788fd733c01367d89ade0bd1affc5736bae06c5242942262831c9	2026-01-15 16:57:57.148	2025-12-16 16:57:57.149027	t
344	1	447fccb54f690a5a0c38b5cce46af3d59e3fce470a7aff43891727e7c09c8312e4d2e066363679ea550f11eba71f16ea8996bc387c7c6f725414125698cdebeb	2026-01-15 17:48:03.183	2025-12-16 17:48:03.184085	t
342	2	c81cf1e4dca10ab4723d968a0c81516d541f5d737ca96f447455b3e5a677ad74008ae8fda9a279493b5fbc4732aac9d87d1b96542e6fbedc0414f6b03618fcda	2026-01-15 17:13:15.438	2025-12-16 17:13:15.438939	t
345	1	19c59e916f16ee7212283aea3b89dc6ca2b860655003a126496bda9c59606b54938c337cc8d80e527732afa67efb2f4a8de4bc75f9957a3f0e15c08d815bdf74	2026-01-15 18:16:25.634	2025-12-16 18:16:25.634879	t
347	1	fa41628cdde2d4ce937aa6fad69a69a1d63daa26bf85505325edd9042f9930894023628dd9a1f301accff5b5e571cd6c07fe8e03590c026d927882714f39d7b2	2026-01-15 18:50:50.663	2025-12-16 18:50:50.664272	t
343	5	a9739af1a61a5a41e826d13b2d50cb917f5633d0a3f2ba08c7b03d3317126010bdfbf2fed004d2b558c915a89bb9246cb453baa0a31a76959b59d62948e9bf20	2026-01-15 17:30:41.012	2025-12-16 17:30:41.01315	t
328	4	ab22c7672f33f1a3f754b9a39c42cf3085758172e030b55f05829c2593fd49bcdc069417322aa5a50e50b6a3ed928bf7dac1ba39e1539aeaa3747ed3c61ea297	2026-01-15 13:23:28.804	2025-12-16 13:23:28.805372	t
350	4	94282bd6a270f0d5080a58022b6b5a8e7135fef9162d3f5e34a80cd4fe655327c28dfdd5832c14783514744a124470f4b408931e69632f10962159a788ab64ef	2026-01-15 19:45:11.808	2025-12-16 19:45:11.808409	f
321	4	a798733ed1432a58e5eb6bae61722635f217a0fdc8005c0a0befd18c62856658208642b4dcdb2422c2024b2a54ba93b9e2c690a5f1274b3e85be7ac7ebe0ebc9	2026-01-14 20:59:30.534	2025-12-15 20:59:30.535212	t
351	4	21d6523cbcac9c25fdec28d9058d4b760e28d90d924eabd8eeed089584e0bdb5bd948de81dae19341ae6246c5ff5e7ecf5a5f608092b72e9b67d13bb1c59c869	2026-01-15 19:55:49.138	2025-12-16 19:55:49.13928	f
348	1	44f932e63e4f446da83ef3884b87b01b7bd4de2635371573a521b052405283dfc36c8bf4b22d5ffaeede655e02d0076ab4cc275406b9b6056d0d84a5ab08c18c	2026-01-15 19:31:01.579	2025-12-16 19:31:01.580401	t
346	2	cce6de10c17eaaf9649ac043327daa0045f43d18a6543ecb01fdece0f6263acac3c49b41fe78e0a425edb8547cdd02c3088f85ad4db363f0d4c77bebe4f7a2f9	2026-01-15 18:37:44.254	2025-12-16 18:37:44.255379	t
352	1	7e6568f5d9a5a555ab4db9c9ac72ee0daf27b19f7a6e3efd5a379bf4df250b1b94bcd387e281f72d70023e496cc5291d04605d1e37005a0a40c26bba67d91285	2026-01-15 19:55:54.793	2025-12-16 19:55:54.793659	t
349	5	73f8dda6c3ece7afef0d2e6c420f1aff6de226cabca8bf1a36fc2dc2f64b43fb8503ea6b4708ab5a6d2e5df9b838f666c6caf16f48b8975cf79369ead83e7879	2026-01-15 19:37:30.619	2025-12-16 19:37:30.620062	t
353	3	b4b0c8ad8610377b175b9fa344bc630f2de89df1a59fb587fa2d4288a66b33cb30ca4585250b79e677eaeaf5790a36652e90f65e1ac371856f1d1a04b79ded0b	2026-01-15 19:56:35.54	2025-12-16 19:56:35.540563	t
354	2	f7eb97622822ffd2b40794ae70bee3ef291ec6f238b4fd3f0533325aef5c769ee35cce80a363c5845fa31fee520ab1a569d2d619ee31400311281af27203d6bd	2026-01-15 21:00:59.802	2025-12-16 21:00:59.802399	t
356	5	9ecfd92ab35664893c7d302f3342f3d04513c8115d3208f29c648577d37b6c7df0352264b8c7b3fad4b64e7a12ef0f78d8fd3c382878d6ea9b4068088b296eb6	2026-01-15 21:10:37.095	2025-12-16 21:10:37.096003	f
357	3	0b6f98c46abf766a04fd4d2529927fb3a2504d933185b06d001def227d5b6736d5f4231256efc636b6fd0b26b55dd8219c675dd1fc2ede2784d4957d9595224d	2026-01-15 21:16:33.615	2025-12-16 21:16:33.615564	t
355	1	52111accc42dff9db83da0ee069f9735f99df68c6219104a331f7649dd7f5bae0ec9640d23ceae54c3804aef22afcf10d7bbb639d745ba1d94a2a89535afc074	2026-01-15 21:10:09.698	2025-12-16 21:10:09.69926	t
359	1	e2a109a595d28fdc8af40639aeac0cdf7ed79823b05ee4c439c253a77ff55c2f9469368fc1be331ecc293f1c2776ebfa52c3040d467a0a5adc3f77d13a3d3356	2026-01-15 21:26:02.559	2025-12-16 21:26:02.559519	t
360	1	16de00d3001a5a2ba3e742bce9fc47f2af22a133c04175f571785bce06d8941c0bd6fe1613984827c169c0543cbc8e35bcfe02b6ee98fc7fb3828da0e100c9fa	2026-01-16 13:17:03.535	2025-12-17 13:17:03.538848	f
358	2	4419b336c543b232628ee30303636dedbfc08f21e8d9d3fa3aa2839249a3758f12a1f1f44de09069e399cea9b7e2938aa6088f3b1870ce791947dc7a6c716e9d	2026-01-15 21:20:32.522	2025-12-16 21:20:32.522901	t
362	1	319982a5b22423968650a65940e2e493bb103f8fa666f4c285e0f0c6ed6f978d4a2b029f3b445761ef1da2f4fe831184a79471a39d05020e5952e6f7c2622401	2026-01-16 14:34:42.317	2025-12-17 14:34:42.320754	f
361	2	5062ece840f86b063e2d5787d0f8964d2f7f754f18e3121e54c2102e4d76531d3d87e8a64fa1fe802e54cf66208123bb47c626d7b205537b43a8741943147f1c	2026-01-16 14:03:48.551	2025-12-17 14:03:48.55445	t
363	2	6edebe5bf58739e6676d93d07fc1f987025b580fcd0e7df9694ad9761129f8c47815e2d93c8ba0f561f29844cda199f86f87c5dbd44efbb04783e5b45525412b	2026-01-16 14:48:37.64	2025-12-17 14:48:37.643747	t
364	2	6625372cbacfac56d8a249c664554b6e3c8be8244002e959756c371125ba97e4fdf97d0f1ccc92ada5037a75834ded446dab97d9ed60a1254134ee091ba5100f	2026-01-16 15:19:12.847	2025-12-17 15:19:12.850506	f
\.


--
-- Data for Name: services; Type: TABLE DATA; Schema: public; Owner: postgres
--

COPY public.services (id, user_id, service_name, client, "time", earnings, created_at, date, comment) FROM stdin;
21	2	SERVICIO DE IMPRESION	YOMAIRA	10:29 AM	90.00	2025-12-04 14:29:14.458707	2025-12-04	\N
22	2	SERVICIO DE IMPRESION	SEÑORA	10:36 AM	50.00	2025-12-04 14:36:38.062323	2025-12-04	\N
24	2	SERVICIO REDACCION CONTRATO LEGAL	PROPINA $35	10:55 AM	70.00	2025-12-04 14:55:10.378894	2025-12-04	\N
26	5	SERVICIO DE IMPRESION	ALEXANDER	12:18 PM	75.00	2025-12-04 16:18:06.252316	2025-12-04	\N
27	5	SERVICIO REDACCION CONTRATO NOTARIAL	DECLARACION INGRESOS 1	12:20 PM	500.00	2025-12-04 16:20:28.089371	2025-12-04	\N
28	5	SERVICIO REDACCION CONTRATO NOTARIAL	DECLARACION INGRESOS 2 	12:21 PM	500.00	2025-12-04 16:21:13.55293	2025-12-04	\N
29	2	SERVICIO DE ESCANER DOCUMENTO DIGITAL	SEÑORA JIREH 	12:37 PM	200.00	2025-12-04 16:37:07.49483	2025-12-04	\N
30	2	SERVICIO REDACCION CONTRATO LEGAL	SEÑORA 	12:38 PM	360.00	2025-12-04 16:38:16.711067	2025-12-04	\N
31	4	SERVICIO REDACCION CONTRATO LEGAL	SEÑOR MORENO	12:53 PM	400.00	2025-12-04 16:53:57.837798	2025-12-04	\N
32	2	SERVICIO REDACCION INSTANCIA EXTENSA	SANCHEZ	1:16 PM	320.00	2025-12-04 17:16:41.96709	2025-12-04	\N
33	2	SERVICIO REDACCION CONTRATO LEGAL	ESMAILIN 	1:28 PM	350.00	2025-12-04 17:28:07.152929	2025-12-04	\N
34	5	SERVICIO REDACCION CONTRATO NOTARIAL	SEÑORA DE PENSIONES 	1:31 PM	1000.00	2025-12-04 17:31:06.23353	2025-12-04	\N
35	2	SERVICIO REDACCION CONTRATO NOTARIAL	PROPINA ESMAILIN 	1:54 PM	320.00	2025-12-04 17:54:19.541214	2025-12-04	\N
36	2	SERVICIO REDACCION CONTRATO LEGAL	SEÑOR 	2:34 PM	700.00	2025-12-04 18:34:02.382921	2025-12-04	\N
37	4	SERVICIO REDACCION CONTRATO LEGAL	DIGITACION SEÑOR 	3:02 PM	700.00	2025-12-04 19:02:25.99341	2025-12-04	\N
38	2	SERVICIO REDACCION CONTRATO LEGAL	DANIEL PEREZ	3:53 PM	750.00	2025-12-04 19:53:34.341429	2025-12-04	\N
39	4	SERVICIO REDACCION CONTRATO LEGAL	ADELANTO SEÑOR HOJA VIEJA 	4:50 PM	500.00	2025-12-04 20:50:49.99415	2025-12-04	\N
40	4	SERVICIO REDACCION CONTRATO LEGAL	IMPRESION MORENO 	4:52 PM	30.00	2025-12-04 20:52:25.961091	2025-12-04	\N
41	4	SERVICIO REDACCION CONTRATO NOTARIAL	PEDRO ORTIZ	5:23 PM	4500.00	2025-12-04 21:23:20.02	2025-12-04	\N
42	5	SERVICIO DE IMPRESION	ALEXANDER 	5:24 PM	75.00	2025-12-04 21:24:17.135004	2025-12-04	\N
43	4	SERVICIO REDACCION CONTRATO LEGAL	ARECHE 	5:32 PM	300.00	2025-12-04 21:32:06.285957	2025-12-04	\N
44	4	SERVICIO REDACCION CONTRATO LEGAL	MOREL	5:32 PM	100.00	2025-12-04 21:32:27.657025	2025-12-04	\N
45	4	SERVICIO REDACCION CONTRATO LEGAL	GORDO SONRISA 	5:32 PM	250.00	2025-12-04 21:32:49.170901	2025-12-04	\N
46	4	SERVICIO REDACCION CONTRATO LEGAL	SEÑOR MORENO (RESTANTE)	5:35 PM	50.00	2025-12-04 21:35:10.120495	2025-12-04	\N
47	2	SERVICIO REDACCION TRADUCCION JUDICIAL	OLIVER 	9:49 AM	800.00	2025-12-05 13:49:32.868693	2025-12-05	\N
48	2	SERVICIO REDACCION CONTRATO LEGAL	TRES (3) APOSTILLE ITALIA - OLIVER  	9:51 AM	900.00	2025-12-05 13:51:40.171484	2025-12-05	\N
49	4	SERVICIO REDACCION CONTRATO LEGAL	RESTANTE CONTRATO ANTIGUO 	9:52 AM	1000.00	2025-12-05 13:52:13.403991	2025-12-05	\N
51	4	SERVICIO FORMATO E IMPRESION	IMPRESION SEÑOR 	11:08 AM	20.00	2025-12-05 15:08:02.895631	2025-12-05	\N
56	4	SERVICIO REDACCION CONTRATO LEGAL	MAYIMBE 	12:35 PM	500.00	2025-12-05 16:35:40.74203	2025-12-05	\N
60	5	SERVICIO REDACCION CONTRATO NOTARIAL	COMPULSA NOTARIAL	2:05 PM	500.00	2025-12-05 18:05:15.236009	2025-12-05	\N
61	4	SERVICIO REDACCION CONTRATO LEGAL	SEÑORA YANET 	2:15 PM	380.00	2025-12-05 18:15:43.252928	2025-12-05	\N
63	2	SERVICIO REDACCION CONTRATO LEGAL	DR. ALVAREZ	2:22 PM	730.00	2025-12-05 18:22:22.562752	2025-12-05	\N
64	2	SERVICIO REDACCION CONTRATO LEGAL	DR. BABIDI	2:22 PM	250.00	2025-12-05 18:22:33.352718	2025-12-05	\N
65	2	SERVICIO REDACCION CONTRATO LEGAL	GERARDO	2:22 PM	40.00	2025-12-05 18:22:43.498547	2025-12-05	\N
67	2	SERVICIO REDACCION CONTRATO LEGAL	DEVUELTA SEÑOR  $60	2:23 PM	120.00	2025-12-05 18:23:26.549886	2025-12-05	\N
68	2	SERVICIO SOLICITUD CERTIFICACION APOSTILLE	RICARDO	2:25 PM	300.00	2025-12-05 18:25:21.503692	2025-12-05	\N
69	5	SERVICIO REDACCION CONTRATO LEGAL	SEÑOR ALTO	2:33 PM	10.00	2025-12-05 18:33:37.468369	2025-12-05	\N
70	5	SERVICIO REDACCION CONTRATO LEGAL	AGRIMENSOR RUBIO	2:33 PM	160.00	2025-12-05 18:33:56.976697	2025-12-05	\N
71	5	SERVICIO REDACCION INSTANCIA	SEÑOR VIEJITO CARTA	2:34 PM	390.00	2025-12-05 18:34:28.000564	2025-12-05	\N
72	4	SERVICIO DE REDACCION OTROS	GRABACION CD	2:53 PM	480.00	2025-12-05 18:53:28.629981	2025-12-05	\N
73	5	SERVICIO DE REDACCION OTROS	ANGELA SERRANO 	3:15 PM	200.00	2025-12-05 19:15:12.29226	2025-12-05	\N
74	5	SERVICIO DE COPIA A COLOR	SEÑOR VIEJITO	3:26 PM	120.00	2025-12-05 19:26:27.391246	2025-12-05	\N
75	2	SERVICIO REDACCION CONTRATO NOTARIAL	CHAMO - RENTA VEHICULO	4:22 PM	500.00	2025-12-05 20:22:48.580986	2025-12-05	\N
76	2	SERVICIO REDACCION CONTRATO NOTARIAL	CHAMO - ACUERDO AMIGABLE 	4:23 PM	1000.00	2025-12-05 20:23:02.212733	2025-12-05	\N
77	4	SERVICIO REDACCION CONTRATO LEGAL	ROILAN	5:02 PM	400.00	2025-12-05 21:02:54.897997	2025-12-05	\N
78	5	SERVICIO DE IMPRESION	NAYELI	5:15 PM	15.00	2025-12-05 21:15:26.289397	2025-12-05	\N
79	2	SERVICIO COMPRA IMPUESTOS	CHIRIPA 	5:17 PM	60.00	2025-12-05 21:17:36.301286	2025-12-05	\N
80	5	SERVICIO REDACCION INSTANCIA EXTENSA	VIEJO KUQUI	5:38 PM	300.00	2025-12-05 21:38:53.139312	2025-12-05	\N
81	5	SERVICIO DE IMPRESION	SEÑOR ADAMES 	5:43 PM	30.00	2025-12-05 21:43:49.861007	2025-12-05	\N
82	4	SERVICIO DE IMPRESION DOCUMENTO NORMAL	CALVO	5:44 PM	800.00	2025-12-05 21:44:16.192382	2025-12-05	\N
83	5	SERVICIO DE IMPRESION	COMPLETIVO	5:44 PM	50.00	2025-12-05 21:44:49.926932	2025-12-05	\N
84	5	SERVICIO DE IMPRESION	COMPLETIVO 2	5:45 PM	25.00	2025-12-05 21:45:13.32038	2025-12-05	\N
85	4	SERVICIO REDACCION CONTRATO LEGAL	BERNARDO	5:47 PM	200.00	2025-12-05 21:47:42.212141	2025-12-05	\N
86	4	SERVICIO MENSAJERIA	COMPLETIVO 	5:49 PM	220.00	2025-12-05 21:49:09.018678	2025-12-05	\N
87	3	SERVICIO REDACCION CONTRATO LEGAL	EL MENOR	10:03 AM	1000.00	2025-12-08 14:03:04.117983	2025-12-08	\N
88	3	SERVICIO SOLICITUD CERTIFICACION VIAJE DE MENOR	EL MENOR	10:03 AM	1000.00	2025-12-08 14:03:24.851033	2025-12-08	\N
89	3	SERVICIO REDACCION CONTRATO LEGAL	RUBIO 	10:47 AM	200.00	2025-12-08 14:47:14.232461	2025-12-08	\N
90	4	SERVICIO REDACCION INSTANCIA	CALVITO 	11:25 AM	150.00	2025-12-08 15:25:29.326934	2025-12-08	\N
91	4	SERVICIO REDACCION ESCRITO AMPLIO	BERNARDO 	11:48 AM	300.00	2025-12-08 15:48:08.091704	2025-12-08	\N
93	3	SERVICIO REDACCION CONTRATO LEGAL	DRA. ARGENTINA 	12:23 PM	400.00	2025-12-08 16:23:03.701738	2025-12-08	\N
94	5	SERVICIO REDACCION TRADUCCION JUDICIAL	MORENA 	1:00 PM	800.00	2025-12-08 17:00:16.207012	2025-12-08	\N
95	3	SERVICIO REDACCION ESCRITO AMPLIO	TOMAS (ADELANTO)	1:32 PM	1000.00	2025-12-08 17:32:54.782511	2025-12-08	\N
96	5	SERVICIO REDACCION INSTANCIA	INVENTARIO DOCUMENTOS 	1:40 PM	200.00	2025-12-08 17:40:17.195741	2025-12-08	\N
97	5	SERVICIO DE IMPRESION	AGRIM. JEIMY 	2:36 PM	100.00	2025-12-08 18:36:41.288146	2025-12-08	\N
98	5	SERVICIO REDACCION CONTRATO LEGAL	COMPULSA ARGENTINA	2:37 PM	300.00	2025-12-08 18:37:16.441921	2025-12-08	\N
99	5	SERVICIO DE COPIA A COLOR	ESCANER SEÑOR 	2:53 PM	100.00	2025-12-08 18:53:34.163919	2025-12-08	\N
100	5	SERVICIO DE COPIA A COLOR	IMPRESION ESTUDIANTES 	3:52 PM	300.00	2025-12-08 19:52:11.299758	2025-12-08	\N
101	5	SERVICIO REDACCION CONTRATO NOTARIAL	JUAN GOMEZ - NOTARIZACION	3:52 PM	500.00	2025-12-08 19:52:52.965725	2025-12-08	\N
102	3	SERVICIO REDACCION CONTRATO LEGAL	MODIFICACION E IMPRESION KEYLA	3:54 PM	250.00	2025-12-08 19:54:13.490109	2025-12-08	\N
103	4	SERVICIO REDACCION TRADUCCION JUDICIAL	TRADUCCION	3:55 PM	500.00	2025-12-08 19:55:27.367587	2025-12-08	\N
104	4	SERVICIO DE COPIA A COLOR	CLAUDIO (IMPRESIONES)	4:19 PM	20.00	2025-12-08 20:19:04.876578	2025-12-08	\N
108	3	SERVICIO DE IMPRESION	JACOB IMPRESION	5:07 PM	230.00	2025-12-08 21:07:10.421162	2025-12-08	\N
110	5	SERVICIO REDACCION CONTRATO NOTARIAL	JUAN MATEO	5:09 PM	500.00	2025-12-08 21:09:08.638563	2025-12-08	\N
111	3	SERVICIO SOLICITUD CERTIFICACION ESTATUS JURIDICO DE INMUEBLE	JORGE FEDERICO (DOS CERTIFICACIONES)	5:10 PM	1000.00	2025-12-08 21:10:20.702476	2025-12-08	\N
112	4	SERVICIO REDACCION ESCRITO AMPLIO	BAEZ	5:13 PM	1600.00	2025-12-08 21:13:57.072032	2025-12-08	\N
113	4	SERVICIO REDACCION CONTRATO LEGAL	COMPLETIVO	5:14 PM	30.00	2025-12-08 21:14:24.773833	2025-12-08	\N
105	3	SERVICIO REDACCION ESCRITO AMPLIO	BAEZ 	4:56 PM	900.00	2025-12-08 20:56:03.152209	2025-12-08	Nombre correcto: EVANGELISTA
114	3	SERVICIO REDACCION CONTRATO LEGAL	COMPLETIVO	5:31 PM	20.00	2025-12-08 21:31:20.399213	2025-12-08	\N
115	4	SERVICIO REDACCION INSTANCIA	ESTATUS JURIDICO	10:31 AM	150.00	2025-12-09 14:31:34.96001	2025-12-09	\N
116	4	SERVICIO DE IMPRESION	MAYIMBE 	10:32 AM	40.00	2025-12-09 14:32:02.414521	2025-12-09	\N
117	4	SERVICIO DE IMPRESION	ANGEL JESUALDO	10:32 AM	40.00	2025-12-09 14:32:27.81404	2025-12-09	\N
118	3	SERVICIO REDACCION CONTRATO NOTARIAL	BATISTA 	10:37 AM	1200.00	2025-12-09 14:37:52.338848	2025-12-09	\N
119	2	SERVICIO DE IMPRESION DOCUMENTO LEGAL	BABIDI	11:54 AM	50.00	2025-12-09 15:54:22.455236	2025-12-09	\N
120	3	SERVICIO REDACCION INSTANCIA EXTENSA	TOMAS 	12:24 PM	100.00	2025-12-09 16:24:42.370845	2025-12-09	\N
121	5	SERVICIO DE IMPRESION DOCUMENTO LEGAL	SEÑOR CON LENTE 	12:53 PM	100.00	2025-12-09 16:53:42.78326	2025-12-09	\N
122	2	SERVICIO REDACCION CONTRATO NOTARIAL	TRAMITE DE PENSIONES POLICIA 	12:59 PM	500.00	2025-12-09 16:59:13.832497	2025-12-09	\N
123	2	SERVICIO REDACCION CONTRATO NOTARIAL	PAGARE NOTARIAL 	1:16 PM	1500.00	2025-12-09 17:16:58.547	2025-12-09	\N
124	5	SERVICIO DE IMPRESION DOCUMENTO LEGAL	DON VIEJITO	1:46 PM	100.00	2025-12-09 17:46:26.240074	2025-12-09	\N
125	4	SERVICIO REDACCION ESCRITO AMPLIO	BERNARDO 	1:47 PM	975.00	2025-12-09 17:47:19.66224	2025-12-09	\N
126	2	SERVICIO REDACCION CONTRATO LEGAL	FRANKLIN PAYANO	2:18 PM	200.00	2025-12-09 18:18:18.388371	2025-12-09	\N
127	3	SERVICIO REDACCION INSTANCIA	SUGENDY 	2:20 PM	350.00	2025-12-09 18:20:03.814021	2025-12-09	\N
128	2	SERVICIO REDACCION CONTRATO LEGAL	KATHY	2:20 PM	850.00	2025-12-09 18:20:23.668584	2025-12-09	\N
129	3	SERVICIO REDACCION CONTRATO LEGAL	SEÑORA 	3:50 PM	200.00	2025-12-09 19:50:17.300057	2025-12-09	\N
130	4	SERVICIO REDACCION CONTRATO LEGAL	SPEEDY GONZALEZ 	3:57 PM	300.00	2025-12-09 19:57:19.333754	2025-12-09	\N
131	4	SERVICIO DE IMPRESION DOCUMENTO LEGAL	SPEEDY GONZALEZ 2	4:08 PM	50.00	2025-12-09 20:08:03.355678	2025-12-09	\N
132	5	SERVICIO REDACCION CONTRATO NOTARIAL	FEDERICO	4:23 PM	500.00	2025-12-09 20:23:42.79196	2025-12-09	\N
133	5	SERVICIO REDACCION CONTRATO LEGAL	ROILAN 	5:14 PM	350.00	2025-12-09 21:14:38.077373	2025-12-09	\N
134	3	SERVICIO REDACCION CONTRATO LEGAL	GUIDO VIEJITO 	5:19 PM	300.00	2025-12-09 21:19:22.818814	2025-12-09	\N
135	3	SERVICIO REDACCION CONTRATO LEGAL	COMPLETIVO	5:41 PM	50.00	2025-12-09 21:41:21.075082	2025-12-09	\N
136	2	SERVICIO REDACCION CONTRATO LEGAL	COMPLETIVO	5:42 PM	45.00	2025-12-09 21:42:18.806358	2025-12-09	\N
137	2	SERVICIO REDACCION CONTRATO LEGAL	COMPLETIVO	5:42 PM	55.00	2025-12-09 21:42:43.16025	2025-12-09	\N
138	4	SERVICIO REDACCION CONTRATO LEGAL	COMPLETIVO	5:43 PM	45.00	2025-12-09 21:43:32.828974	2025-12-09	\N
139	5	SERVICIO REDACCION CONTRATO LEGAL	COMPLETIVO	5:43 PM	150.00	2025-12-09 21:43:53.351751	2025-12-09	\N
140	2	SERVICIO DE COPIA A COLOR	ESCANER SEÑOR LUIS 	10:43 AM	300.00	2025-12-10 14:43:00.073068	2025-12-10	\N
141	2	SERVICIO DE IMPRESION DOCUMENTO NORMAL	GRABACION CD 	11:08 AM	145.00	2025-12-10 15:08:27.369323	2025-12-10	\N
142	3	SERVICIO REDACCION CONTRATO LEGAL	VICTOR RODRIGUEZ	11:39 AM	1000.00	2025-12-10 15:39:52.446186	2025-12-10	\N
143	3	SERVICIO REDACCION CONTRATO LEGAL	THOMAS	12:10 PM	600.00	2025-12-10 16:10:08.937352	2025-12-10	\N
144	4	SERVICIO REDACCION INSTANCIA	MAYIMBE	12:34 PM	250.00	2025-12-10 16:34:04.207924	2025-12-10	\N
145	4	SERVICIO REDACCION CONTRATO LEGAL	NOTORIEDAD DEFUNCION	12:37 PM	300.00	2025-12-10 16:37:34.532636	2025-12-10	\N
146	5	SERVICIO DE COPIA A COLOR	MANUEL 	12:47 PM	20.00	2025-12-10 16:47:38.864416	2025-12-10	\N
147	5	SERVICIO REDACCION CONTRATO NOTARIAL	DECLARACION JURADA DE COMPROMISO	1:34 PM	1000.00	2025-12-10 17:34:39.121073	2025-12-10	\N
148	2	SERVICIO REDACCION INSTANCIA	CAJA NEGRA 	2:05 PM	150.00	2025-12-10 18:05:57.999883	2025-12-10	\N
149	5	SERVICIO REDACCION CONTRATO NOTARIAL	RONY CAMPOS 	2:30 PM	1000.00	2025-12-10 18:30:01.714837	2025-12-10	\N
150	5	SERVICIO DE IMPRESION	RUBIO MOTORISTA	3:05 PM	20.00	2025-12-10 19:05:37.579769	2025-12-10	\N
151	4	SERVICIO REDACCION CONTRATO NOTARIAL	SEÑORA CON LENTE 	3:06 PM	600.00	2025-12-10 19:06:23.230542	2025-12-10	\N
152	2	SERVICIO SOLICITUD DE CERTIFICACION OTROS	SANDRA 	3:20 PM	300.00	2025-12-10 19:20:49.392094	2025-12-10	\N
153	2	SERVICIO FORMATO E IMPRESION	LUIS 	4:02 PM	200.00	2025-12-10 20:02:15.091054	2025-12-10	\N
154	4	SERVICIO REDACCION INSTANCIA EXTENSA	ABONO LUIS CASTILLO 	4:28 PM	600.00	2025-12-10 20:28:14.783091	2025-12-10	\N
155	2	SERVICIO COMPRA IMPUESTOS	COMPLETIVO 	4:58 PM	50.00	2025-12-10 20:58:23.734222	2025-12-10	\N
156	5	SERVICIO DE COPIA A COLOR	COPIA A COLOR	5:08 PM	160.00	2025-12-10 21:08:30.383478	2025-12-10	\N
157	2	SERVICIO REDACCION NOTIFICACION	NOTIFICACION CEA 	5:18 PM	350.00	2025-12-10 21:18:40.390396	2025-12-10	\N
158	3	SERVICIO REDACCION ESCRITO AMPLIO	ARGENTINA GOMEZ	5:23 PM	2000.00	2025-12-10 21:23:15.017187	2025-12-10	\N
159	2	SERVICIO DE IMPRESION	COMPLETIVO	5:26 PM	5.00	2025-12-10 21:26:47.803841	2025-12-10	\N
160	4	SERVICIO COMPRA IMPUESTOS	COMPLETIVO	5:34 PM	50.00	2025-12-10 21:34:45.201976	2025-12-10	\N
161	3	SERVICIO SOLICITUD CERTIFICACION ESTATUS JURIDICO DE INMUEBLE	OVIDIO 	11:04 AM	1000.00	2025-12-11 15:04:03.427989	2025-12-11	\N
162	3	SERVICIO DE IMPRESION	HERASME 	11:18 AM	420.00	2025-12-11 15:18:29.989047	2025-12-11	\N
163	3	SERVICIO REDACCION ESCRITO AMPLIO	EVANGELISTA 	11:21 AM	770.00	2025-12-11 15:21:37.452596	2025-12-11	\N
164	2	SERVICIO REDACCION TRADUCCION JUDICIAL	RAFAEL 	11:51 AM	1400.00	2025-12-11 15:51:43.300124	2025-12-11	\N
165	4	SERVICIO REDACCION CONTRATO LEGAL	CARABALLO SANCHEZ 	12:32 PM	800.00	2025-12-11 16:32:05.354685	2025-12-11	\N
166	2	SERVICIO REDACCION INSTANCIA	PEÑALO 	12:39 PM	300.00	2025-12-11 16:39:56.441118	2025-12-11	\N
167	2	SERVICIO COMPRA IMPUESTOS	PROPINA $100	12:40 PM	200.00	2025-12-11 16:40:27.748944	2025-12-11	\N
168	2	SERVICIO REDACCION CONTRATO LEGAL	AMARILIS - DECLARACION DOCUMENTO IDENTIDAD 	1:18 PM	300.00	2025-12-11 17:18:45.683448	2025-12-11	\N
169	3	SERVICIO REDACCION ESCRITO AMPLIO	NELSON 	1:23 PM	1320.00	2025-12-11 17:23:32.317996	2025-12-11	\N
170	2	SERVICIO DE IMPRESION DOCUMENTO LEGAL	SEÑOR ABOGADO 	2:41 PM	100.00	2025-12-11 18:41:41.027598	2025-12-11	\N
171	4	SERVICIO SOLICITUD CERTIFICACION APOSTILLE	DIONICIO	2:53 PM	1500.00	2025-12-11 18:53:36.677775	2025-12-11	\N
172	4	SERVICIO REDACCION CONTRATO NOTARIAL	PAGARE NOTARIALES SR. MAÑON	3:10 PM	1000.00	2025-12-11 19:10:30.895909	2025-12-11	\N
173	4	SERVICIO REDACCION CONTRATO NOTARIAL	CIRILO 	4:27 PM	1400.00	2025-12-11 20:27:05.786654	2025-12-11	\N
174	2	SERVICIO DE IMPRESION	RODNEY 	4:33 PM	70.00	2025-12-11 20:33:41.345281	2025-12-11	\N
175	3	SERVICIO SOLICITUD CERTIFICACION ESTATUS JURIDICO DE INMUEBLE	MAYRA I	4:36 PM	1000.00	2025-12-11 20:36:58.692753	2025-12-11	\N
176	3	SERVICIO SOLICITUD CERTIFICACION ESTATUS JURIDICO DE INMUEBLE	MAYRA II	4:37 PM	1000.00	2025-12-11 20:37:34.928043	2025-12-11	\N
177	2	SERVICIO SOLICITUD CERTIFICACION APOSTILLE	RICARDO 	5:01 PM	150.00	2025-12-11 21:01:24.71964	2025-12-11	\N
178	2	SERVICIO COMPRA IMPUESTOS	COMPLETIVO	5:02 PM	80.00	2025-12-11 21:02:25.109572	2025-12-11	\N
179	4	SERVICIO COMPRA IMPUESTOS	COMPLETIVO	5:10 PM	100.00	2025-12-11 21:10:31.37054	2025-12-11	\N
180	3	SERVICIO COMPRA IMPUESTOS	COMPLETIVO	5:25 PM	90.00	2025-12-11 21:25:07.037922	2025-12-11	\N
181	3	SERVICIO REDACCION CONTRATO NOTARIAL	ACUERDO AMIGABLE 	9:26 AM	1500.00	2025-12-12 13:26:38.002657	2025-12-12	\N
182	2	SERVICIO REDACCION CONTRATO NOTARIAL	TRES NOTARIZACIONES FAST 	10:54 AM	900.00	2025-12-12 14:54:01.569906	2025-12-12	\N
183	3	SERVICIO DE IMPRESION	RICARDO FLORES 	10:54 AM	40.00	2025-12-12 14:54:24.608512	2025-12-12	\N
184	3	SERVICIO FORMATO E IMPRESION	FELIX CUEVAS	11:40 AM	210.00	2025-12-12 15:40:38.657632	2025-12-12	\N
185	3	SERVICIO DE IMPRESION	WENDY MORENO	11:40 AM	80.00	2025-12-12 15:40:49.669545	2025-12-12	\N
187	4	SERVICIO REDACCION INSTANCIA	BERNARDO 	12:05 PM	300.00	2025-12-12 16:05:05.888854	2025-12-12	\N
188	4	SERVICIO REDACCION INSTANCIA	MAYIMBE	12:05 PM	120.00	2025-12-12 16:05:50.95547	2025-12-12	\N
189	4	SERVICIO DE IMPRESION	MARIANGELIS 	12:06 PM	20.00	2025-12-12 16:06:34.909526	2025-12-12	\N
190	2	SERVICIO DE IMPRESION	MEREJILDO	12:09 PM	50.00	2025-12-12 16:09:16.694186	2025-12-12	\N
191	2	SERVICIO DE IMPRESION	TULIO TERRERO	12:09 PM	50.00	2025-12-12 16:09:53.365731	2025-12-12	\N
192	4	SERVICIO FORMATO E IMPRESION	MAYIMBE 	12:56 PM	100.00	2025-12-12 16:56:47.940986	2025-12-12	\N
193	4	SERVICIO REDACCION CONTRATO NOTARIAL	SEÑORA Y FILPO	1:15 PM	1000.00	2025-12-12 17:15:45.316798	2025-12-12	\N
194	4	SERVICIO REDACCION CONTRATO LEGAL	GLENIS GOMEZ - MODELO 	1:43 PM	200.00	2025-12-12 17:43:41.749865	2025-12-12	\N
195	4	SERVICIO REDACCION CONTRATO NOTARIAL	GLENIS GOMEZ - VENTA 	1:43 PM	500.00	2025-12-12 17:43:59.751203	2025-12-12	\N
196	4	SERVICIO DE IMPRESION	JUAN DEL POZO	2:08 PM	340.00	2025-12-12 18:08:32.591295	2025-12-12	\N
197	2	SERVICIO REDACCION CONTRATO NOTARIAL	COMPULSA PAOLA 	2:28 PM	500.00	2025-12-12 18:28:15.411823	2025-12-12	\N
198	2	SERVICIO REDACCION CONTRATO NOTARIAL	4 DECLARACIONES - PEDRO GRULLON	2:43 PM	3200.00	2025-12-12 18:43:31.698496	2025-12-12	\N
199	4	SERVICIO SOLICITUD CERTIFICACION APOSTILLE	PODER CONSULAR 	3:08 PM	300.00	2025-12-12 19:08:51.077808	2025-12-12	\N
200	2	SERVICIO REDACCION CONTRATO NOTARIAL	MC GYBER 	3:37 PM	600.00	2025-12-12 19:37:33.391762	2025-12-12	\N
201	3	SERVICIO REDACCION INSTANCIA EXTENSA	ABOGADOS ASISTENTES 	3:47 PM	1850.00	2025-12-12 19:47:51.375158	2025-12-12	\N
202	2	SERVICIO COMPRA IMPUESTOS	COMPLETIVO	5:05 PM	100.00	2025-12-12 21:05:21.986273	2025-12-12	\N
203	4	SERVICIO COMPRA IMPUESTOS	COMPLETIVO	5:07 PM	120.00	2025-12-12 21:07:09.797769	2025-12-12	\N
204	3	SERVICIO REDACCION CONTRATO LEGAL	SEÑORA MAYOR	5:10 PM	350.00	2025-12-12 21:10:15.850026	2025-12-12	\N
205	3	SERVICIO COMPRA IMPUESTOS	COMPLETIVO	5:18 PM	170.00	2025-12-12 21:18:11.460965	2025-12-12	\N
206	3	SERVICIO REDACCION INSTANCIA EXTENSA	FERNANDO 	10:50 AM	300.00	2025-12-15 14:50:35.371282	2025-12-15	\N
207	4	SERVICIO REDACCION INSTANCIA	ALONSO	11:04 AM	150.00	2025-12-15 15:04:53.456287	2025-12-15	\N
208	5	SERVICIO DE IMPRESION DOCUMENTO LEGAL	SEÑOR MAYOR	12:05 PM	140.00	2025-12-15 16:05:54.673267	2025-12-15	\N
209	2	SERVICIO REDACCION CONTRATO NOTARIAL	MUECA LUIS CASTILLO	12:06 PM	800.00	2025-12-15 16:06:08.830878	2025-12-15	\N
210	4	SERVICIO REDACCION CONTRATO LEGAL	ALMARANTE	12:47 PM	350.00	2025-12-15 16:47:55.735572	2025-12-15	\N
211	4	SERVICIO REDACCION INSTANCIA	SEÑOR MAYOR 	12:50 PM	150.00	2025-12-15 16:50:50.882986	2025-12-15	\N
212	5	SERVICIO DE IMPRESION	ARIEL 	12:55 PM	40.00	2025-12-15 16:55:38.416374	2025-12-15	\N
213	2	SERVICIO REDACCION CONTRATO NOTARIAL	VIRGINIA 	1:19 PM	1500.00	2025-12-15 17:19:08.242749	2025-12-15	\N
214	2	SERVICIO DE IMPRESION	NICOLAS 	1:36 PM	75.00	2025-12-15 17:36:54.768078	2025-12-15	\N
215	4	SERVICIO REDACCION CONTRATO NOTARIAL	PODER MAÑON	2:47 PM	500.00	2025-12-15 18:47:31.492856	2025-12-15	\N
216	4	SERVICIO REDACCION CONTRATO NOTARIAL	PODER LICDA. JIMENEZ	2:50 PM	500.00	2025-12-15 18:50:47.083036	2025-12-15	\N
217	4	SERVICIO DE IMPRESION	IMPRESION SEÑOR MAYOR 	2:56 PM	175.00	2025-12-15 18:56:18.841356	2025-12-15	\N
218	4	SERVICIO DE IMPRESION	ETIQUETAS 	3:31 PM	140.00	2025-12-15 19:31:15.229814	2025-12-15	\N
219	3	SERVICIO REDACCION INSTANCIA	SEÑOR MAQUINA	3:50 PM	250.00	2025-12-15 19:50:35.110493	2025-12-15	\N
220	2	SERVICIO REDACCION ESCRITO AMPLIO	LICENCIADO CALVO	4:29 PM	690.00	2025-12-15 20:29:02.126157	2025-12-15	\N
221	2	SERVICIO REDACCION CONTRATO NOTARIAL	NOTARIZACION SEÑOR 	5:00 PM	400.00	2025-12-15 21:00:00.552241	2025-12-15	\N
222	3	SERVICIO REDACCION INSTANCIA	PATA PIN	5:02 PM	200.00	2025-12-15 21:02:33.428194	2025-12-15	\N
223	5	SERVICIO DE IMPRESION	OMAR DE LOS SANTOS	10:48 AM	20.00	2025-12-16 14:48:09.074683	2025-12-16	\N
224	3	SERVICIO REDACCION CONTRATO NOTARIAL	ACTO VENTA MOTOR 	11:22 AM	1000.00	2025-12-16 15:22:04.862377	2025-12-16	\N
225	4	SERVICIO REDACCION INSTANCIA	BERNARDO 	11:50 AM	400.00	2025-12-16 15:50:46.819165	2025-12-16	\N
226	5	SERVICIO REDACCION CONTRATO LEGAL	ROILAN	12:21 PM	100.00	2025-12-16 16:21:50.581943	2025-12-16	\N
227	2	SERVICIO REDACCION CONTRATO LEGAL	ROILAN	12:23 PM	150.00	2025-12-16 16:23:42.602912	2025-12-16	\N
228	2	SERVICIO REDACCION CONTRATO LEGAL	EXTRANJEROS 	12:57 PM	1300.00	2025-12-16 16:57:57.291409	2025-12-16	\N
229	4	SERVICIO REDACCION INSTANCIA EXTENSA	DANILO MOREL	12:58 PM	350.00	2025-12-16 16:58:36.572434	2025-12-16	\N
230	5	SERVICIO DE IMPRESION	SEÑOR MORENO	1:48 PM	20.00	2025-12-16 17:48:03.312473	2025-12-16	\N
231	5	SERVICIO REDACCION INSTANCIA	URANIO 	2:50 PM	200.00	2025-12-16 18:50:50.795645	2025-12-16	\N
232	3	SERVICIO REDACCION CONTRATO NOTARIAL	SEÑOR 	3:31 PM	700.00	2025-12-16 19:31:01.711527	2025-12-16	\N
233	5	SERVICIO REDACCION INSTANCIA	SEÑORA	3:37 PM	340.00	2025-12-16 19:37:56.973046	2025-12-16	\N
234	3	SERVICIO REDACCION CONTRATO NOTARIAL	PODER SEÑORA	3:55 PM	550.00	2025-12-16 19:55:54.929314	2025-12-16	\N
235	4	SERVICIO REDACCION CONTRATO NOTARIAL	ACTO DE VENTA DE VEHICULLO	3:59 PM	500.00	2025-12-16 19:59:39.461413	2025-12-16	\N
236	4	SERVICIO REDACCION INSTANCIA EXTENSA	CIRIACO	4:01 PM	1100.00	2025-12-16 20:01:14.14875	2025-12-16	\N
237	3	SERVICIO REDACCION INSTANCIA	SUGENDY 	5:10 PM	450.00	2025-12-16 21:10:09.844034	2025-12-16	\N
238	3	SERVICIO REDACCION CONTRATO LEGAL	DOCTOR 	5:10 PM	450.00	2025-12-16 21:10:50.574859	2025-12-16	\N
239	5	SERVICIO REDACCION INSTANCIA	señora 	5:21 PM	100.00	2025-12-16 21:21:51.884184	2025-12-16	\N
240	5	SERVICIO DE IMPRESION	SEÑOR	5:22 PM	50.00	2025-12-16 21:22:06.444982	2025-12-16	\N
241	5	SERVICIO REDACCION CONTRATO LEGAL	CURRICULUM	5:22 PM	100.00	2025-12-16 21:22:24.107928	2025-12-16	\N
242	2	SERVICIO REDACCION CONTRATO NOTARIAL	MARCIA / KAREN	5:26 PM	6900.00	2025-12-16 21:26:02.689125	2025-12-16	\N
243	2	SERVICIO DE IMPRESION	A COLOR 	10:34 AM	50.00	2025-12-17 14:34:57.684992	2025-12-17	\N
244	3	SERVICIO REDACCION INSTANCIA	INSTANCIA SEÑOR 	10:38 AM	160.00	2025-12-17 14:38:35.544539	2025-12-17	\N
\.


--
-- Data for Name: settings_history; Type: TABLE DATA; Schema: public; Owner: postgres
--

COPY public.settings_history (id, employee_percentage, start_date, end_date, created_at) FROM stdin;
1	0.5	2000-01-01	2025-12-14	2025-12-15 03:52:27.49468
2	0.55	2025-12-15	\N	2025-12-15 03:55:55.526017
\.


--
-- Data for Name: users; Type: TABLE DATA; Schema: public; Owner: postgres
--

COPY public.users (id, username, password_hash, role, data_column, created_at) FROM stdin;
2	hengi	$2a$10$4GLaN3FNDFnpjL8KTG6S4.2HQlH3ch7Aiam2ofqDJNDKqUlMk3YAG	employee	Hengi	2025-12-01 18:27:47.411728
3	marleni	$2a$10$bFZG2bzgcC3o.uNwyuVHSe88Nn.ooM.v/zbbdP21HriJhoNV9OSq.	employee	Marleni	2025-12-01 18:27:47.511083
4	israel	$2a$10$yHnXCX07iMVvov9z/vd6K.InT0grcamiMmZIKw/gc6a9elnC/ZIFO	employee	Israel	2025-12-01 18:27:47.607536
5	thaicar	$2a$10$mHylHD0Z.bMXc.BaoI0UI.a3LFkWeN6LRuvTHkDF5y7hlvKk4brKG	employee	Thaicar	2025-12-01 18:27:47.697895
1	admin	$2a$10$T07.ng4Yn94wxlqXSJDfceb0WHt3JMjdAKxYn3/0S2lCKamnwGzzq	admin	\N	2025-12-01 16:36:47.126686
\.


--
-- Name: refresh_tokens_id_seq; Type: SEQUENCE SET; Schema: public; Owner: postgres
--

SELECT pg_catalog.setval('public.refresh_tokens_id_seq', 364, true);


--
-- Name: services_id_seq; Type: SEQUENCE SET; Schema: public; Owner: postgres
--

SELECT pg_catalog.setval('public.services_id_seq', 244, true);


--
-- Name: settings_history_id_seq; Type: SEQUENCE SET; Schema: public; Owner: postgres
--

SELECT pg_catalog.setval('public.settings_history_id_seq', 2, true);


--
-- Name: users_id_seq; Type: SEQUENCE SET; Schema: public; Owner: postgres
--

SELECT pg_catalog.setval('public.users_id_seq', 10, true);


--
-- Name: refresh_tokens refresh_tokens_pkey; Type: CONSTRAINT; Schema: public; Owner: postgres
--

ALTER TABLE ONLY public.refresh_tokens
    ADD CONSTRAINT refresh_tokens_pkey PRIMARY KEY (id);


--
-- Name: refresh_tokens refresh_tokens_token_key; Type: CONSTRAINT; Schema: public; Owner: postgres
--

ALTER TABLE ONLY public.refresh_tokens
    ADD CONSTRAINT refresh_tokens_token_key UNIQUE (token);


--
-- Name: services services_pkey; Type: CONSTRAINT; Schema: public; Owner: postgres
--

ALTER TABLE ONLY public.services
    ADD CONSTRAINT services_pkey PRIMARY KEY (id);


--
-- Name: settings_history settings_history_pkey; Type: CONSTRAINT; Schema: public; Owner: postgres
--

ALTER TABLE ONLY public.settings_history
    ADD CONSTRAINT settings_history_pkey PRIMARY KEY (id);


--
-- Name: users users_pkey; Type: CONSTRAINT; Schema: public; Owner: postgres
--

ALTER TABLE ONLY public.users
    ADD CONSTRAINT users_pkey PRIMARY KEY (id);


--
-- Name: users users_username_key; Type: CONSTRAINT; Schema: public; Owner: postgres
--

ALTER TABLE ONLY public.users
    ADD CONSTRAINT users_username_key UNIQUE (username);


--
-- Name: idx_refresh_tokens_expires_at; Type: INDEX; Schema: public; Owner: postgres
--

CREATE INDEX idx_refresh_tokens_expires_at ON public.refresh_tokens USING btree (expires_at);


--
-- Name: idx_refresh_tokens_token; Type: INDEX; Schema: public; Owner: postgres
--

CREATE INDEX idx_refresh_tokens_token ON public.refresh_tokens USING btree (token);


--
-- Name: idx_refresh_tokens_user_id; Type: INDEX; Schema: public; Owner: postgres
--

CREATE INDEX idx_refresh_tokens_user_id ON public.refresh_tokens USING btree (user_id);


--
-- Name: idx_services_comment; Type: INDEX; Schema: public; Owner: postgres
--

CREATE INDEX idx_services_comment ON public.services USING btree (comment) WHERE (comment IS NOT NULL);


--
-- Name: idx_services_created_at; Type: INDEX; Schema: public; Owner: postgres
--

CREATE INDEX idx_services_created_at ON public.services USING btree (created_at);


--
-- Name: idx_services_date; Type: INDEX; Schema: public; Owner: postgres
--

CREATE INDEX idx_services_date ON public.services USING btree (date);


--
-- Name: idx_services_user_id; Type: INDEX; Schema: public; Owner: postgres
--

CREATE INDEX idx_services_user_id ON public.services USING btree (user_id);


--
-- Name: refresh_tokens refresh_tokens_user_id_fkey; Type: FK CONSTRAINT; Schema: public; Owner: postgres
--

ALTER TABLE ONLY public.refresh_tokens
    ADD CONSTRAINT refresh_tokens_user_id_fkey FOREIGN KEY (user_id) REFERENCES public.users(id) ON DELETE CASCADE;


--
-- Name: services services_user_id_fkey; Type: FK CONSTRAINT; Schema: public; Owner: postgres
--

ALTER TABLE ONLY public.services
    ADD CONSTRAINT services_user_id_fkey FOREIGN KEY (user_id) REFERENCES public.users(id) ON DELETE CASCADE;


--
-- PostgreSQL database dump complete
--

\unrestrict arOA5zCkcYahUbMWJ9XjFxdMYD8YMujPezgPXOqzcWu8uxeteftWno7xryrTdEk

